,,,0
cyrillic,arial,"('cyrl.ef', 'cyrl.em', 'cyrl.er')",61.0
cyrillic,arial,"('cyrl.ef', 'cyrl.em', 'cyrl.es')",45.0
cyrillic,arial,"('cyrl.ef', 'cyrl.em', 'cyrl.short-i')",52.0
cyrillic,arial,"('cyrl.ef', 'cyrl.em', 'cyrl.u')",43.0
cyrillic,arial,"('cyrl.ef', 'cyrl.em', 'cyrl.yu')",57.0
cyrillic,arial,"('cyrl.ef', 'cyrl.em', 'cyrl.zhe')",55.0
cyrillic,arial,"('cyrl.ef', 'cyrl.er', 'cyrl.es')",48.0
cyrillic,arial,"('cyrl.ef', 'cyrl.er', 'cyrl.short-i')",62.0
cyrillic,arial,"('cyrl.ef', 'cyrl.er', 'cyrl.u')",56.0
cyrillic,arial,"('cyrl.ef', 'cyrl.er', 'cyrl.yu')",45.0
cyrillic,arial,"('cyrl.ef', 'cyrl.er', 'cyrl.zhe')",58.0
cyrillic,arial,"('cyrl.ef', 'cyrl.es', 'cyrl.short-i')",49.0
cyrillic,arial,"('cyrl.ef', 'cyrl.es', 'cyrl.u')",35.0
cyrillic,arial,"('cyrl.ef', 'cyrl.es', 'cyrl.yu')",37.0
cyrillic,arial,"('cyrl.ef', 'cyrl.es', 'cyrl.zhe')",43.0
cyrillic,arial,"('cyrl.ef', 'cyrl.short-i', 'cyrl.u')",45.0
cyrillic,arial,"('cyrl.ef', 'cyrl.short-i', 'cyrl.yu')",56.0
cyrillic,arial,"('cyrl.ef', 'cyrl.short-i', 'cyrl.zhe')",35.0
cyrillic,arial,"('cyrl.ef', 'cyrl.u', 'cyrl.yu')",54.0
cyrillic,arial,"('cyrl.ef', 'cyrl.u', 'cyrl.zhe')",31.0
cyrillic,arial,"('cyrl.ef', 'cyrl.yu', 'cyrl.zhe')",54.0
cyrillic,arial,"('cyrl.em', 'cyrl.er', 'cyrl.es')",53.0
cyrillic,arial,"('cyrl.em', 'cyrl.er', 'cyrl.short-i')",49.0
cyrillic,arial,"('cyrl.em', 'cyrl.er', 'cyrl.u')",35.0
cyrillic,arial,"('cyrl.em', 'cyrl.er', 'cyrl.yu')",49.0
cyrillic,arial,"('cyrl.em', 'cyrl.er', 'cyrl.zhe')",53.0
cyrillic,arial,"('cyrl.em', 'cyrl.es', 'cyrl.short-i')",46.0
cyrillic,arial,"('cyrl.em', 'cyrl.es', 'cyrl.u')",41.0
cyrillic,arial,"('cyrl.em', 'cyrl.es', 'cyrl.yu')",52.0
cyrillic,arial,"('cyrl.em', 'cyrl.es', 'cyrl.zhe')",51.0
cyrillic,arial,"('cyrl.em', 'cyrl.short-i', 'cyrl.u')",44.0
cyrillic,arial,"('cyrl.em', 'cyrl.short-i', 'cyrl.yu')",46.0
cyrillic,arial,"('cyrl.em', 'cyrl.short-i', 'cyrl.zhe')",35.0
cyrillic,arial,"('cyrl.em', 'cyrl.u', 'cyrl.yu')",34.0
cyrillic,arial,"('cyrl.em', 'cyrl.u', 'cyrl.zhe')",45.0
cyrillic,arial,"('cyrl.em', 'cyrl.yu', 'cyrl.zhe')",52.0
cyrillic,arial,"('cyrl.er', 'cyrl.es', 'cyrl.short-i')",59.0
cyrillic,arial,"('cyrl.er', 'cyrl.es', 'cyrl.u')",43.0
cyrillic,arial,"('cyrl.er', 'cyrl.es', 'cyrl.yu')",37.0
cyrillic,arial,"('cyrl.er', 'cyrl.es', 'cyrl.zhe')",58.0
cyrillic,arial,"('cyrl.er', 'cyrl.short-i', 'cyrl.u')",39.0
cyrillic,arial,"('cyrl.er', 'cyrl.short-i', 'cyrl.yu')",57.0
cyrillic,arial,"('cyrl.er', 'cyrl.short-i', 'cyrl.zhe')",34.0
cyrillic,arial,"('cyrl.er', 'cyrl.u', 'cyrl.yu')",48.0
cyrillic,arial,"('cyrl.er', 'cyrl.u', 'cyrl.zhe')",42.0
cyrillic,arial,"('cyrl.er', 'cyrl.yu', 'cyrl.zhe')",57.0
cyrillic,arial,"('cyrl.es', 'cyrl.short-i', 'cyrl.u')",32.0
cyrillic,arial,"('cyrl.es', 'cyrl.short-i', 'cyrl.yu')",59.0
cyrillic,arial,"('cyrl.es', 'cyrl.short-i', 'cyrl.zhe')",33.0
cyrillic,arial,"('cyrl.es', 'cyrl.u', 'cyrl.yu')",57.0
cyrillic,arial,"('cyrl.es', 'cyrl.u', 'cyrl.zhe')",32.0
cyrillic,arial,"('cyrl.es', 'cyrl.yu', 'cyrl.zhe')",58.0
cyrillic,arial,"('cyrl.short-i', 'cyrl.u', 'cyrl.yu')",35.0
cyrillic,arial,"('cyrl.short-i', 'cyrl.u', 'cyrl.zhe')",39.0
cyrillic,arial,"('cyrl.short-i', 'cyrl.yu', 'cyrl.zhe')",28.0
cyrillic,arial,"('cyrl.u', 'cyrl.yu', 'cyrl.zhe')",28.0
cyrillic,century-schoolbook,"('cyrl.a', 'cyrl.de', 'cyrl.ghe')",48.0
cyrillic,century-schoolbook,"('cyrl.a', 'cyrl.de', 'cyrl.io')",38.0
cyrillic,century-schoolbook,"('cyrl.a', 'cyrl.de', 'cyrl.ka')",27.0
cyrillic,century-schoolbook,"('cyrl.a', 'cyrl.de', 'cyrl.pe')",55.0
cyrillic,century-schoolbook,"('cyrl.a', 'cyrl.de', 'cyrl.ya')",47.0
cyrillic,century-schoolbook,"('cyrl.a', 'cyrl.de', 'cyrl.zhe')",22.0
cyrillic,century-schoolbook,"('cyrl.a', 'cyrl.ghe', 'cyrl.io')",45.0
cyrillic,century-schoolbook,"('cyrl.a', 'cyrl.ghe', 'cyrl.ka')",35.0
cyrillic,century-schoolbook,"('cyrl.a', 'cyrl.ghe', 'cyrl.pe')",54.0
cyrillic,century-schoolbook,"('cyrl.a', 'cyrl.ghe', 'cyrl.ya')",43.0
cyrillic,century-schoolbook,"('cyrl.a', 'cyrl.ghe', 'cyrl.zhe')",23.0
cyrillic,century-schoolbook,"('cyrl.a', 'cyrl.io', 'cyrl.ka')",33.0
cyrillic,century-schoolbook,"('cyrl.a', 'cyrl.io', 'cyrl.pe')",43.0
cyrillic,century-schoolbook,"('cyrl.a', 'cyrl.io', 'cyrl.ya')",44.0
cyrillic,century-schoolbook,"('cyrl.a', 'cyrl.io', 'cyrl.zhe')",33.0
cyrillic,century-schoolbook,"('cyrl.a', 'cyrl.ka', 'cyrl.pe')",35.0
cyrillic,century-schoolbook,"('cyrl.a', 'cyrl.ka', 'cyrl.ya')",31.0
cyrillic,century-schoolbook,"('cyrl.a', 'cyrl.ka', 'cyrl.zhe')",56.0
cyrillic,century-schoolbook,"('cyrl.a', 'cyrl.pe', 'cyrl.ya')",43.0
cyrillic,century-schoolbook,"('cyrl.a', 'cyrl.pe', 'cyrl.zhe')",25.0
cyrillic,century-schoolbook,"('cyrl.a', 'cyrl.ya', 'cyrl.zhe')",37.0
cyrillic,century-schoolbook,"('cyrl.de', 'cyrl.ghe', 'cyrl.io')",53.0
cyrillic,century-schoolbook,"('cyrl.de', 'cyrl.ghe', 'cyrl.ka')",45.0
cyrillic,century-schoolbook,"('cyrl.de', 'cyrl.ghe', 'cyrl.pe')",33.0
cyrillic,century-schoolbook,"('cyrl.de', 'cyrl.ghe', 'cyrl.ya')",42.0
cyrillic,century-schoolbook,"('cyrl.de', 'cyrl.ghe', 'cyrl.zhe')",52.0
cyrillic,century-schoolbook,"('cyrl.de', 'cyrl.io', 'cyrl.ka')",50.0
cyrillic,century-schoolbook,"('cyrl.de', 'cyrl.io', 'cyrl.pe')",58.0
cyrillic,century-schoolbook,"('cyrl.de', 'cyrl.io', 'cyrl.ya')",40.0
cyrillic,century-schoolbook,"('cyrl.de', 'cyrl.io', 'cyrl.zhe')",40.0
cyrillic,century-schoolbook,"('cyrl.de', 'cyrl.ka', 'cyrl.pe')",47.0
cyrillic,century-schoolbook,"('cyrl.de', 'cyrl.ka', 'cyrl.ya')",40.0
cyrillic,century-schoolbook,"('cyrl.de', 'cyrl.ka', 'cyrl.zhe')",48.0
cyrillic,century-schoolbook,"('cyrl.de', 'cyrl.pe', 'cyrl.ya')",55.0
cyrillic,century-schoolbook,"('cyrl.de', 'cyrl.pe', 'cyrl.zhe')",56.0
cyrillic,century-schoolbook,"('cyrl.de', 'cyrl.ya', 'cyrl.zhe')",37.0
cyrillic,century-schoolbook,"('cyrl.ghe', 'cyrl.io', 'cyrl.ka')",51.0
cyrillic,century-schoolbook,"('cyrl.ghe', 'cyrl.io', 'cyrl.pe')",55.0
cyrillic,century-schoolbook,"('cyrl.ghe', 'cyrl.io', 'cyrl.ya')",34.0
cyrillic,century-schoolbook,"('cyrl.ghe', 'cyrl.io', 'cyrl.zhe')",33.0
cyrillic,century-schoolbook,"('cyrl.ghe', 'cyrl.ka', 'cyrl.pe')",53.0
cyrillic,century-schoolbook,"('cyrl.ghe', 'cyrl.ka', 'cyrl.ya')",40.0
cyrillic,century-schoolbook,"('cyrl.ghe', 'cyrl.ka', 'cyrl.zhe')",50.0
cyrillic,century-schoolbook,"('cyrl.ghe', 'cyrl.pe', 'cyrl.ya')",55.0
cyrillic,century-schoolbook,"('cyrl.ghe', 'cyrl.pe', 'cyrl.zhe')",58.0
cyrillic,century-schoolbook,"('cyrl.ghe', 'cyrl.ya', 'cyrl.zhe')",38.0
cyrillic,century-schoolbook,"('cyrl.io', 'cyrl.ka', 'cyrl.pe')",47.0
cyrillic,century-schoolbook,"('cyrl.io', 'cyrl.ka', 'cyrl.ya')",49.0
cyrillic,century-schoolbook,"('cyrl.io', 'cyrl.ka', 'cyrl.zhe')",51.0
cyrillic,century-schoolbook,"('cyrl.io', 'cyrl.pe', 'cyrl.ya')",32.0
cyrillic,century-schoolbook,"('cyrl.io', 'cyrl.pe', 'cyrl.zhe')",35.0
cyrillic,century-schoolbook,"('cyrl.io', 'cyrl.ya', 'cyrl.zhe')",44.0
cyrillic,century-schoolbook,"('cyrl.ka', 'cyrl.pe', 'cyrl.ya')",46.0
cyrillic,century-schoolbook,"('cyrl.ka', 'cyrl.pe', 'cyrl.zhe')",48.0
cyrillic,century-schoolbook,"('cyrl.ka', 'cyrl.ya', 'cyrl.zhe')",43.0
cyrillic,century-schoolbook,"('cyrl.pe', 'cyrl.ya', 'cyrl.zhe')",40.0
cyrillic,courier-new,"('cyrl.de', 'cyrl.el', 'cyrl.es')",60.0
cyrillic,courier-new,"('cyrl.de', 'cyrl.el', 'cyrl.ka')",54.0
cyrillic,courier-new,"('cyrl.de', 'cyrl.el', 'cyrl.o')",60.0
cyrillic,courier-new,"('cyrl.de', 'cyrl.el', 'cyrl.tse')",35.0
cyrillic,courier-new,"('cyrl.de', 'cyrl.el', 'cyrl.ya')",54.0
cyrillic,courier-new,"('cyrl.de', 'cyrl.el', 'cyrl.yu')",59.0
cyrillic,courier-new,"('cyrl.de', 'cyrl.es', 'cyrl.ka')",52.0
cyrillic,courier-new,"('cyrl.de', 'cyrl.es', 'cyrl.o')",54.0
cyrillic,courier-new,"('cyrl.de', 'cyrl.es', 'cyrl.tse')",61.0
cyrillic,courier-new,"('cyrl.de', 'cyrl.es', 'cyrl.ya')",43.0
cyrillic,courier-new,"('cyrl.de', 'cyrl.es', 'cyrl.yu')",38.0
cyrillic,courier-new,"('cyrl.de', 'cyrl.ka', 'cyrl.o')",50.0
cyrillic,courier-new,"('cyrl.de', 'cyrl.ka', 'cyrl.tse')",57.0
cyrillic,courier-new,"('cyrl.de', 'cyrl.ka', 'cyrl.ya')",29.0
cyrillic,courier-new,"('cyrl.de', 'cyrl.ka', 'cyrl.yu')",28.0
cyrillic,courier-new,"('cyrl.de', 'cyrl.o', 'cyrl.tse')",59.0
cyrillic,courier-new,"('cyrl.de', 'cyrl.o', 'cyrl.ya')",43.0
cyrillic,courier-new,"('cyrl.de', 'cyrl.o', 'cyrl.yu')",45.0
cyrillic,courier-new,"('cyrl.de', 'cyrl.tse', 'cyrl.ya')",56.0
cyrillic,courier-new,"('cyrl.de', 'cyrl.tse', 'cyrl.yu')",65.0
cyrillic,courier-new,"('cyrl.de', 'cyrl.ya', 'cyrl.yu')",29.0
cyrillic,courier-new,"('cyrl.el', 'cyrl.es', 'cyrl.ka')",58.0
cyrillic,courier-new,"('cyrl.el', 'cyrl.es', 'cyrl.o')",55.0
cyrillic,courier-new,"('cyrl.el', 'cyrl.es', 'cyrl.tse')",62.0
cyrillic,courier-new,"('cyrl.el', 'cyrl.es', 'cyrl.ya')",50.0
cyrillic,courier-new,"('cyrl.el', 'cyrl.es', 'cyrl.yu')",35.0
cyrillic,courier-new,"('cyrl.el', 'cyrl.ka', 'cyrl.o')",59.0
cyrillic,courier-new,"('cyrl.el', 'cyrl.ka', 'cyrl.tse')",43.0
cyrillic,courier-new,"('cyrl.el', 'cyrl.ka', 'cyrl.ya')",27.0
cyrillic,courier-new,"('cyrl.el', 'cyrl.ka', 'cyrl.yu')",41.0
cyrillic,courier-new,"('cyrl.el', 'cyrl.o', 'cyrl.tse')",59.0
cyrillic,courier-new,"('cyrl.el', 'cyrl.o', 'cyrl.ya')",47.0
cyrillic,courier-new,"('cyrl.el', 'cyrl.o', 'cyrl.yu')",47.0
cyrillic,courier-new,"('cyrl.el', 'cyrl.tse', 'cyrl.ya')",42.0
cyrillic,courier-new,"('cyrl.el', 'cyrl.tse', 'cyrl.yu')",56.0
cyrillic,courier-new,"('cyrl.el', 'cyrl.ya', 'cyrl.yu')",35.0
cyrillic,courier-new,"('cyrl.es', 'cyrl.ka', 'cyrl.o')",56.0
cyrillic,courier-new,"('cyrl.es', 'cyrl.ka', 'cyrl.tse')",49.0
cyrillic,courier-new,"('cyrl.es', 'cyrl.ka', 'cyrl.ya')",50.0
cyrillic,courier-new,"('cyrl.es', 'cyrl.ka', 'cyrl.yu')",31.0
cyrillic,courier-new,"('cyrl.es', 'cyrl.o', 'cyrl.tse')",53.0
cyrillic,courier-new,"('cyrl.es', 'cyrl.o', 'cyrl.ya')",56.0
cyrillic,courier-new,"('cyrl.es', 'cyrl.o', 'cyrl.yu')",48.0
cyrillic,courier-new,"('cyrl.es', 'cyrl.tse', 'cyrl.ya')",36.0
cyrillic,courier-new,"('cyrl.es', 'cyrl.tse', 'cyrl.yu')",40.0
cyrillic,courier-new,"('cyrl.es', 'cyrl.ya', 'cyrl.yu')",34.0
cyrillic,courier-new,"('cyrl.ka', 'cyrl.o', 'cyrl.tse')",57.0
cyrillic,courier-new,"('cyrl.ka', 'cyrl.o', 'cyrl.ya')",51.0
cyrillic,courier-new,"('cyrl.ka', 'cyrl.o', 'cyrl.yu')",41.0
cyrillic,courier-new,"('cyrl.ka', 'cyrl.tse', 'cyrl.ya')",36.0
cyrillic,courier-new,"('cyrl.ka', 'cyrl.tse', 'cyrl.yu')",33.0
cyrillic,courier-new,"('cyrl.ka', 'cyrl.ya', 'cyrl.yu')",26.0
cyrillic,courier-new,"('cyrl.o', 'cyrl.tse', 'cyrl.ya')",44.0
cyrillic,courier-new,"('cyrl.o', 'cyrl.tse', 'cyrl.yu')",45.0
cyrillic,courier-new,"('cyrl.o', 'cyrl.ya', 'cyrl.yu')",41.0
cyrillic,courier-new,"('cyrl.tse', 'cyrl.ya', 'cyrl.yu')",37.0
cyrillic,georgia,"('cyrl.be', 'cyrl.che', 'cyrl.ef')",53.0
cyrillic,georgia,"('cyrl.be', 'cyrl.che', 'cyrl.em')",50.0
cyrillic,georgia,"('cyrl.be', 'cyrl.che', 'cyrl.en')",61.0
cyrillic,georgia,"('cyrl.be', 'cyrl.che', 'cyrl.i')",58.0
cyrillic,georgia,"('cyrl.be', 'cyrl.che', 'cyrl.ie')",40.0
cyrillic,georgia,"('cyrl.be', 'cyrl.che', 'cyrl.ze')",38.0
cyrillic,georgia,"('cyrl.be', 'cyrl.ef', 'cyrl.em')",54.0
cyrillic,georgia,"('cyrl.be', 'cyrl.ef', 'cyrl.en')",52.0
cyrillic,georgia,"('cyrl.be', 'cyrl.ef', 'cyrl.i')",60.0
cyrillic,georgia,"('cyrl.be', 'cyrl.ef', 'cyrl.ie')",36.0
cyrillic,georgia,"('cyrl.be', 'cyrl.ef', 'cyrl.ze')",44.0
cyrillic,georgia,"('cyrl.be', 'cyrl.em', 'cyrl.en')",74.0
cyrillic,georgia,"('cyrl.be', 'cyrl.em', 'cyrl.i')",66.0
cyrillic,georgia,"('cyrl.be', 'cyrl.em', 'cyrl.ie')",47.0
cyrillic,georgia,"('cyrl.be', 'cyrl.em', 'cyrl.ze')",46.0
cyrillic,georgia,"('cyrl.be', 'cyrl.en', 'cyrl.i')",71.0
cyrillic,georgia,"('cyrl.be', 'cyrl.en', 'cyrl.ie')",44.0
cyrillic,georgia,"('cyrl.be', 'cyrl.en', 'cyrl.ze')",41.0
cyrillic,georgia,"('cyrl.be', 'cyrl.i', 'cyrl.ie')",39.0
cyrillic,georgia,"('cyrl.be', 'cyrl.i', 'cyrl.ze')",48.0
cyrillic,georgia,"('cyrl.be', 'cyrl.ie', 'cyrl.ze')",34.0
cyrillic,georgia,"('cyrl.che', 'cyrl.ef', 'cyrl.em')",56.0
cyrillic,georgia,"('cyrl.che', 'cyrl.ef', 'cyrl.en')",64.0
cyrillic,georgia,"('cyrl.che', 'cyrl.ef', 'cyrl.i')",52.0
cyrillic,georgia,"('cyrl.che', 'cyrl.ef', 'cyrl.ie')",36.0
cyrillic,georgia,"('cyrl.che', 'cyrl.ef', 'cyrl.ze')",37.0
cyrillic,georgia,"('cyrl.che', 'cyrl.em', 'cyrl.en')",48.0
cyrillic,georgia,"('cyrl.che', 'cyrl.em', 'cyrl.i')",58.0
cyrillic,georgia,"('cyrl.che', 'cyrl.em', 'cyrl.ie')",42.0
cyrillic,georgia,"('cyrl.che', 'cyrl.em', 'cyrl.ze')",46.0
cyrillic,georgia,"('cyrl.che', 'cyrl.en', 'cyrl.i')",66.0
cyrillic,georgia,"('cyrl.che', 'cyrl.en', 'cyrl.ie')",56.0
cyrillic,georgia,"('cyrl.che', 'cyrl.en', 'cyrl.ze')",55.0
cyrillic,georgia,"('cyrl.che', 'cyrl.i', 'cyrl.ie')",39.0
cyrillic,georgia,"('cyrl.che', 'cyrl.i', 'cyrl.ze')",48.0
cyrillic,georgia,"('cyrl.che', 'cyrl.ie', 'cyrl.ze')",48.0
cyrillic,georgia,"('cyrl.ef', 'cyrl.em', 'cyrl.en')",74.0
cyrillic,georgia,"('cyrl.ef', 'cyrl.em', 'cyrl.i')",71.0
cyrillic,georgia,"('cyrl.ef', 'cyrl.em', 'cyrl.ie')",40.0
cyrillic,georgia,"('cyrl.ef', 'cyrl.em', 'cyrl.ze')",40.0
cyrillic,georgia,"('cyrl.ef', 'cyrl.en', 'cyrl.i')",69.0
cyrillic,georgia,"('cyrl.ef', 'cyrl.en', 'cyrl.ie')",33.0
cyrillic,georgia,"('cyrl.ef', 'cyrl.en', 'cyrl.ze')",36.0
cyrillic,georgia,"('cyrl.ef', 'cyrl.i', 'cyrl.ie')",37.0
cyrillic,georgia,"('cyrl.ef', 'cyrl.i', 'cyrl.ze')",36.0
cyrillic,georgia,"('cyrl.ef', 'cyrl.ie', 'cyrl.ze')",43.0
cyrillic,georgia,"('cyrl.em', 'cyrl.en', 'cyrl.i')",52.0
cyrillic,georgia,"('cyrl.em', 'cyrl.en', 'cyrl.ie')",71.0
cyrillic,georgia,"('cyrl.em', 'cyrl.en', 'cyrl.ze')",66.0
cyrillic,georgia,"('cyrl.em', 'cyrl.i', 'cyrl.ie')",65.0
cyrillic,georgia,"('cyrl.em', 'cyrl.i', 'cyrl.ze')",65.0
cyrillic,georgia,"('cyrl.em', 'cyrl.ie', 'cyrl.ze')",59.0
cyrillic,georgia,"('cyrl.en', 'cyrl.i', 'cyrl.ie')",65.0
cyrillic,georgia,"('cyrl.en', 'cyrl.i', 'cyrl.ze')",70.0
cyrillic,georgia,"('cyrl.en', 'cyrl.ie', 'cyrl.ze')",58.0
cyrillic,georgia,"('cyrl.i', 'cyrl.ie', 'cyrl.ze')",53.0
cyrillic,pt-sans,"('cyrl.e', 'cyrl.ghe', 'cyrl.ha')",41.0
cyrillic,pt-sans,"('cyrl.e', 'cyrl.ghe', 'cyrl.ie')",57.0
cyrillic,pt-sans,"('cyrl.e', 'cyrl.ghe', 'cyrl.o')",48.0
cyrillic,pt-sans,"('cyrl.e', 'cyrl.ghe', 'cyrl.pe')",58.0
cyrillic,pt-sans,"('cyrl.e', 'cyrl.ghe', 'cyrl.shcha')",35.0
cyrillic,pt-sans,"('cyrl.e', 'cyrl.ghe', 'cyrl.te')",58.0
cyrillic,pt-sans,"('cyrl.e', 'cyrl.ha', 'cyrl.ie')",56.0
cyrillic,pt-sans,"('cyrl.e', 'cyrl.ha', 'cyrl.o')",52.0
cyrillic,pt-sans,"('cyrl.e', 'cyrl.ha', 'cyrl.pe')",43.0
cyrillic,pt-sans,"('cyrl.e', 'cyrl.ha', 'cyrl.shcha')",33.0
cyrillic,pt-sans,"('cyrl.e', 'cyrl.ha', 'cyrl.te')",45.0
cyrillic,pt-sans,"('cyrl.e', 'cyrl.ie', 'cyrl.o')",45.0
cyrillic,pt-sans,"('cyrl.e', 'cyrl.ie', 'cyrl.pe')",59.0
cyrillic,pt-sans,"('cyrl.e', 'cyrl.ie', 'cyrl.shcha')",55.0
cyrillic,pt-sans,"('cyrl.e', 'cyrl.ie', 'cyrl.te')",56.0
cyrillic,pt-sans,"('cyrl.e', 'cyrl.o', 'cyrl.pe')",52.0
cyrillic,pt-sans,"('cyrl.e', 'cyrl.o', 'cyrl.shcha')",51.0
cyrillic,pt-sans,"('cyrl.e', 'cyrl.o', 'cyrl.te')",51.0
cyrillic,pt-sans,"('cyrl.e', 'cyrl.pe', 'cyrl.shcha')",41.0
cyrillic,pt-sans,"('cyrl.e', 'cyrl.pe', 'cyrl.te')",58.0
cyrillic,pt-sans,"('cyrl.e', 'cyrl.shcha', 'cyrl.te')",33.0
cyrillic,pt-sans,"('cyrl.ghe', 'cyrl.ha', 'cyrl.ie')",41.0
cyrillic,pt-sans,"('cyrl.ghe', 'cyrl.ha', 'cyrl.o')",44.0
cyrillic,pt-sans,"('cyrl.ghe', 'cyrl.ha', 'cyrl.pe')",49.0
cyrillic,pt-sans,"('cyrl.ghe', 'cyrl.ha', 'cyrl.shcha')",30.0
cyrillic,pt-sans,"('cyrl.ghe', 'cyrl.ha', 'cyrl.te')",58.0
cyrillic,pt-sans,"('cyrl.ghe', 'cyrl.ie', 'cyrl.o')",56.0
cyrillic,pt-sans,"('cyrl.ghe', 'cyrl.ie', 'cyrl.pe')",59.0
cyrillic,pt-sans,"('cyrl.ghe', 'cyrl.ie', 'cyrl.shcha')",37.0
cyrillic,pt-sans,"('cyrl.ghe', 'cyrl.ie', 'cyrl.te')",58.0
cyrillic,pt-sans,"('cyrl.ghe', 'cyrl.o', 'cyrl.pe')",56.0
cyrillic,pt-sans,"('cyrl.ghe', 'cyrl.o', 'cyrl.shcha')",37.0
cyrillic,pt-sans,"('cyrl.ghe', 'cyrl.o', 'cyrl.te')",57.0
cyrillic,pt-sans,"('cyrl.ghe', 'cyrl.pe', 'cyrl.shcha')",52.0
cyrillic,pt-sans,"('cyrl.ghe', 'cyrl.pe', 'cyrl.te')",41.0
cyrillic,pt-sans,"('cyrl.ghe', 'cyrl.shcha', 'cyrl.te')",58.0
cyrillic,pt-sans,"('cyrl.ha', 'cyrl.ie', 'cyrl.o')",57.0
cyrillic,pt-sans,"('cyrl.ha', 'cyrl.ie', 'cyrl.pe')",43.0
cyrillic,pt-sans,"('cyrl.ha', 'cyrl.ie', 'cyrl.shcha')",33.0
cyrillic,pt-sans,"('cyrl.ha', 'cyrl.ie', 'cyrl.te')",47.0
cyrillic,pt-sans,"('cyrl.ha', 'cyrl.o', 'cyrl.pe')",40.0
cyrillic,pt-sans,"('cyrl.ha', 'cyrl.o', 'cyrl.shcha')",38.0
cyrillic,pt-sans,"('cyrl.ha', 'cyrl.o', 'cyrl.te')",43.0
cyrillic,pt-sans,"('cyrl.ha', 'cyrl.pe', 'cyrl.shcha')",28.0
cyrillic,pt-sans,"('cyrl.ha', 'cyrl.pe', 'cyrl.te')",56.0
cyrillic,pt-sans,"('cyrl.ha', 'cyrl.shcha', 'cyrl.te')",29.0
cyrillic,pt-sans,"('cyrl.ie', 'cyrl.o', 'cyrl.pe')",56.0
cyrillic,pt-sans,"('cyrl.ie', 'cyrl.o', 'cyrl.shcha')",58.0
cyrillic,pt-sans,"('cyrl.ie', 'cyrl.o', 'cyrl.te')",58.0
cyrillic,pt-sans,"('cyrl.ie', 'cyrl.pe', 'cyrl.shcha')",39.0
cyrillic,pt-sans,"('cyrl.ie', 'cyrl.pe', 'cyrl.te')",57.0
cyrillic,pt-sans,"('cyrl.ie', 'cyrl.shcha', 'cyrl.te')",36.0
cyrillic,pt-sans,"('cyrl.o', 'cyrl.pe', 'cyrl.shcha')",39.0
cyrillic,pt-sans,"('cyrl.o', 'cyrl.pe', 'cyrl.te')",57.0
cyrillic,pt-sans,"('cyrl.o', 'cyrl.shcha', 'cyrl.te')",39.0
cyrillic,pt-sans,"('cyrl.pe', 'cyrl.shcha', 'cyrl.te')",47.0
cyrillic,pt-serif,"('cyrl.e', 'cyrl.el', 'cyrl.er')",33.0
cyrillic,pt-serif,"('cyrl.e', 'cyrl.el', 'cyrl.ha')",40.0
cyrillic,pt-serif,"('cyrl.e', 'cyrl.el', 'cyrl.te')",45.0
cyrillic,pt-serif,"('cyrl.e', 'cyrl.el', 'cyrl.u')",45.0
cyrillic,pt-serif,"('cyrl.e', 'cyrl.el', 'cyrl.ve')",36.0
cyrillic,pt-serif,"('cyrl.e', 'cyrl.el', 'cyrl.ze')",52.0
cyrillic,pt-serif,"('cyrl.e', 'cyrl.er', 'cyrl.ha')",38.0
cyrillic,pt-serif,"('cyrl.e', 'cyrl.er', 'cyrl.te')",32.0
cyrillic,pt-serif,"('cyrl.e', 'cyrl.er', 'cyrl.u')",33.0
cyrillic,pt-serif,"('cyrl.e', 'cyrl.er', 'cyrl.ve')",29.0
cyrillic,pt-serif,"('cyrl.e', 'cyrl.er', 'cyrl.ze')",51.0
cyrillic,pt-serif,"('cyrl.e', 'cyrl.ha', 'cyrl.te')",44.0
cyrillic,pt-serif,"('cyrl.e', 'cyrl.ha', 'cyrl.u')",45.0
cyrillic,pt-serif,"('cyrl.e', 'cyrl.ha', 'cyrl.ve')",46.0
cyrillic,pt-serif,"('cyrl.e', 'cyrl.ha', 'cyrl.ze')",54.0
cyrillic,pt-serif,"('cyrl.e', 'cyrl.te', 'cyrl.u')",37.0
cyrillic,pt-serif,"('cyrl.e', 'cyrl.te', 'cyrl.ve')",44.0
cyrillic,pt-serif,"('cyrl.e', 'cyrl.te', 'cyrl.ze')",49.0
cyrillic,pt-serif,"('cyrl.e', 'cyrl.u', 'cyrl.ve')",47.0
cyrillic,pt-serif,"('cyrl.e', 'cyrl.u', 'cyrl.ze')",54.0
cyrillic,pt-serif,"('cyrl.e', 'cyrl.ve', 'cyrl.ze')",31.0
cyrillic,pt-serif,"('cyrl.el', 'cyrl.er', 'cyrl.ha')",34.0
cyrillic,pt-serif,"('cyrl.el', 'cyrl.er', 'cyrl.te')",43.0
cyrillic,pt-serif,"('cyrl.el', 'cyrl.er', 'cyrl.u')",26.0
cyrillic,pt-serif,"('cyrl.el', 'cyrl.er', 'cyrl.ve')",45.0
cyrillic,pt-serif,"('cyrl.el', 'cyrl.er', 'cyrl.ze')",29.0
cyrillic,pt-serif,"('cyrl.el', 'cyrl.ha', 'cyrl.te')",29.0
cyrillic,pt-serif,"('cyrl.el', 'cyrl.ha', 'cyrl.u')",28.0
cyrillic,pt-serif,"('cyrl.el', 'cyrl.ha', 'cyrl.ve')",28.0
cyrillic,pt-serif,"('cyrl.el', 'cyrl.ha', 'cyrl.ze')",30.0
cyrillic,pt-serif,"('cyrl.el', 'cyrl.te', 'cyrl.u')",35.0
cyrillic,pt-serif,"('cyrl.el', 'cyrl.te', 'cyrl.ve')",42.0
cyrillic,pt-serif,"('cyrl.el', 'cyrl.te', 'cyrl.ze')",43.0
cyrillic,pt-serif,"('cyrl.el', 'cyrl.u', 'cyrl.ve')",36.0
cyrillic,pt-serif,"('cyrl.el', 'cyrl.u', 'cyrl.ze')",38.0
cyrillic,pt-serif,"('cyrl.el', 'cyrl.ve', 'cyrl.ze')",54.0
cyrillic,pt-serif,"('cyrl.er', 'cyrl.ha', 'cyrl.te')",44.0
cyrillic,pt-serif,"('cyrl.er', 'cyrl.ha', 'cyrl.u')",36.0
cyrillic,pt-serif,"('cyrl.er', 'cyrl.ha', 'cyrl.ve')",46.0
cyrillic,pt-serif,"('cyrl.er', 'cyrl.ha', 'cyrl.ze')",41.0
cyrillic,pt-serif,"('cyrl.er', 'cyrl.te', 'cyrl.u')",24.0
cyrillic,pt-serif,"('cyrl.er', 'cyrl.te', 'cyrl.ve')",45.0
cyrillic,pt-serif,"('cyrl.er', 'cyrl.te', 'cyrl.ze')",29.0
cyrillic,pt-serif,"('cyrl.er', 'cyrl.u', 'cyrl.ve')",44.0
cyrillic,pt-serif,"('cyrl.er', 'cyrl.u', 'cyrl.ze')",36.0
cyrillic,pt-serif,"('cyrl.er', 'cyrl.ve', 'cyrl.ze')",47.0
cyrillic,pt-serif,"('cyrl.ha', 'cyrl.te', 'cyrl.u')",37.0
cyrillic,pt-serif,"('cyrl.ha', 'cyrl.te', 'cyrl.ve')",30.0
cyrillic,pt-serif,"('cyrl.ha', 'cyrl.te', 'cyrl.ze')",41.0
cyrillic,pt-serif,"('cyrl.ha', 'cyrl.u', 'cyrl.ve')",38.0
cyrillic,pt-serif,"('cyrl.ha', 'cyrl.u', 'cyrl.ze')",39.0
cyrillic,pt-serif,"('cyrl.ha', 'cyrl.ve', 'cyrl.ze')",53.0
cyrillic,pt-serif,"('cyrl.te', 'cyrl.u', 'cyrl.ve')",29.0
cyrillic,pt-serif,"('cyrl.te', 'cyrl.u', 'cyrl.ze')",38.0
cyrillic,pt-serif,"('cyrl.te', 'cyrl.ve', 'cyrl.ze')",45.0
cyrillic,pt-serif,"('cyrl.u', 'cyrl.ve', 'cyrl.ze')",53.0
cyrillic,times-new-roman,"('cyrl.a', 'cyrl.be', 'cyrl.hard-sign')",40.0
cyrillic,times-new-roman,"('cyrl.a', 'cyrl.be', 'cyrl.io')",38.0
cyrillic,times-new-roman,"('cyrl.a', 'cyrl.be', 'cyrl.sha')",56.0
cyrillic,times-new-roman,"('cyrl.a', 'cyrl.be', 'cyrl.shcha')",62.0
cyrillic,times-new-roman,"('cyrl.a', 'cyrl.be', 'cyrl.short-i')",55.0
cyrillic,times-new-roman,"('cyrl.a', 'cyrl.be', 'cyrl.tse')",52.0
cyrillic,times-new-roman,"('cyrl.a', 'cyrl.hard-sign', 'cyrl.io')",42.0
cyrillic,times-new-roman,"('cyrl.a', 'cyrl.hard-sign', 'cyrl.sha')",41.0
cyrillic,times-new-roman,"('cyrl.a', 'cyrl.hard-sign', 'cyrl.shcha')",35.0
cyrillic,times-new-roman,"('cyrl.a', 'cyrl.hard-sign', 'cyrl.short-i')",33.0
cyrillic,times-new-roman,"('cyrl.a', 'cyrl.hard-sign', 'cyrl.tse')",37.0
cyrillic,times-new-roman,"('cyrl.a', 'cyrl.io', 'cyrl.sha')",56.0
cyrillic,times-new-roman,"('cyrl.a', 'cyrl.io', 'cyrl.shcha')",53.0
cyrillic,times-new-roman,"('cyrl.a', 'cyrl.io', 'cyrl.short-i')",42.0
cyrillic,times-new-roman,"('cyrl.a', 'cyrl.io', 'cyrl.tse')",55.0
cyrillic,times-new-roman,"('cyrl.a', 'cyrl.sha', 'cyrl.shcha')",70.0
cyrillic,times-new-roman,"('cyrl.a', 'cyrl.sha', 'cyrl.short-i')",50.0
cyrillic,times-new-roman,"('cyrl.a', 'cyrl.sha', 'cyrl.tse')",66.0
cyrillic,times-new-roman,"('cyrl.a', 'cyrl.shcha', 'cyrl.short-i')",53.0
cyrillic,times-new-roman,"('cyrl.a', 'cyrl.shcha', 'cyrl.tse')",70.0
cyrillic,times-new-roman,"('cyrl.a', 'cyrl.short-i', 'cyrl.tse')",52.0
cyrillic,times-new-roman,"('cyrl.be', 'cyrl.hard-sign', 'cyrl.io')",48.0
cyrillic,times-new-roman,"('cyrl.be', 'cyrl.hard-sign', 'cyrl.sha')",38.0
cyrillic,times-new-roman,"('cyrl.be', 'cyrl.hard-sign', 'cyrl.shcha')",41.0
cyrillic,times-new-roman,"('cyrl.be', 'cyrl.hard-sign', 'cyrl.short-i')",35.0
cyrillic,times-new-roman,"('cyrl.be', 'cyrl.hard-sign', 'cyrl.tse')",47.0
cyrillic,times-new-roman,"('cyrl.be', 'cyrl.io', 'cyrl.sha')",51.0
cyrillic,times-new-roman,"('cyrl.be', 'cyrl.io', 'cyrl.shcha')",50.0
cyrillic,times-new-roman,"('cyrl.be', 'cyrl.io', 'cyrl.short-i')",44.0
cyrillic,times-new-roman,"('cyrl.be', 'cyrl.io', 'cyrl.tse')",54.0
cyrillic,times-new-roman,"('cyrl.be', 'cyrl.sha', 'cyrl.shcha')",70.0
cyrillic,times-new-roman,"('cyrl.be', 'cyrl.sha', 'cyrl.short-i')",51.0
cyrillic,times-new-roman,"('cyrl.be', 'cyrl.sha', 'cyrl.tse')",71.0
cyrillic,times-new-roman,"('cyrl.be', 'cyrl.shcha', 'cyrl.short-i')",59.0
cyrillic,times-new-roman,"('cyrl.be', 'cyrl.shcha', 'cyrl.tse')",72.0
cyrillic,times-new-roman,"('cyrl.be', 'cyrl.short-i', 'cyrl.tse')",56.0
cyrillic,times-new-roman,"('cyrl.hard-sign', 'cyrl.io', 'cyrl.sha')",35.0
cyrillic,times-new-roman,"('cyrl.hard-sign', 'cyrl.io', 'cyrl.shcha')",50.0
cyrillic,times-new-roman,"('cyrl.hard-sign', 'cyrl.io', 'cyrl.short-i')",32.0
cyrillic,times-new-roman,"('cyrl.hard-sign', 'cyrl.io', 'cyrl.tse')",45.0
cyrillic,times-new-roman,"('cyrl.hard-sign', 'cyrl.sha', 'cyrl.shcha')",68.0
cyrillic,times-new-roman,"('cyrl.hard-sign', 'cyrl.sha', 'cyrl.short-i')",45.0
cyrillic,times-new-roman,"('cyrl.hard-sign', 'cyrl.sha', 'cyrl.tse')",62.0
cyrillic,times-new-roman,"('cyrl.hard-sign', 'cyrl.shcha', 'cyrl.short-i')",40.0
cyrillic,times-new-roman,"('cyrl.hard-sign', 'cyrl.shcha', 'cyrl.tse')",66.0
cyrillic,times-new-roman,"('cyrl.hard-sign', 'cyrl.short-i', 'cyrl.tse')",47.0
cyrillic,times-new-roman,"('cyrl.io', 'cyrl.sha', 'cyrl.shcha')",69.0
cyrillic,times-new-roman,"('cyrl.io', 'cyrl.sha', 'cyrl.short-i')",50.0
cyrillic,times-new-roman,"('cyrl.io', 'cyrl.sha', 'cyrl.tse')",67.0
cyrillic,times-new-roman,"('cyrl.io', 'cyrl.shcha', 'cyrl.short-i')",49.0
cyrillic,times-new-roman,"('cyrl.io', 'cyrl.shcha', 'cyrl.tse')",69.0
cyrillic,times-new-roman,"('cyrl.io', 'cyrl.short-i', 'cyrl.tse')",48.0
cyrillic,times-new-roman,"('cyrl.sha', 'cyrl.shcha', 'cyrl.short-i')",70.0
cyrillic,times-new-roman,"('cyrl.sha', 'cyrl.shcha', 'cyrl.tse')",36.0
cyrillic,times-new-roman,"('cyrl.sha', 'cyrl.short-i', 'cyrl.tse')",53.0
cyrillic,times-new-roman,"('cyrl.shcha', 'cyrl.short-i', 'cyrl.tse')",64.0
cyrillic,verdana,"('cyrl.a', 'cyrl.che', 'cyrl.ha')",44.0
cyrillic,verdana,"('cyrl.a', 'cyrl.che', 'cyrl.hard-sign')",31.0
cyrillic,verdana,"('cyrl.a', 'cyrl.che', 'cyrl.i')",26.0
cyrillic,verdana,"('cyrl.a', 'cyrl.che', 'cyrl.soft-sign')",33.0
cyrillic,verdana,"('cyrl.a', 'cyrl.che', 'cyrl.ve')",41.0
cyrillic,verdana,"('cyrl.a', 'cyrl.che', 'cyrl.yeru')",31.0
cyrillic,verdana,"('cyrl.a', 'cyrl.ha', 'cyrl.hard-sign')",42.0
cyrillic,verdana,"('cyrl.a', 'cyrl.ha', 'cyrl.i')",39.0
cyrillic,verdana,"('cyrl.a', 'cyrl.ha', 'cyrl.soft-sign')",53.0
cyrillic,verdana,"('cyrl.a', 'cyrl.ha', 'cyrl.ve')",49.0
cyrillic,verdana,"('cyrl.a', 'cyrl.ha', 'cyrl.yeru')",47.0
cyrillic,verdana,"('cyrl.a', 'cyrl.hard-sign', 'cyrl.i')",38.0
cyrillic,verdana,"('cyrl.a', 'cyrl.hard-sign', 'cyrl.soft-sign')",53.0
cyrillic,verdana,"('cyrl.a', 'cyrl.hard-sign', 'cyrl.ve')",28.0
cyrillic,verdana,"('cyrl.a', 'cyrl.hard-sign', 'cyrl.yeru')",32.0
cyrillic,verdana,"('cyrl.a', 'cyrl.i', 'cyrl.soft-sign')",39.0
cyrillic,verdana,"('cyrl.a', 'cyrl.i', 'cyrl.ve')",45.0
cyrillic,verdana,"('cyrl.a', 'cyrl.i', 'cyrl.yeru')",34.0
cyrillic,verdana,"('cyrl.a', 'cyrl.soft-sign', 'cyrl.ve')",31.0
cyrillic,verdana,"('cyrl.a', 'cyrl.soft-sign', 'cyrl.yeru')",42.0
cyrillic,verdana,"('cyrl.a', 'cyrl.ve', 'cyrl.yeru')",26.0
cyrillic,verdana,"('cyrl.che', 'cyrl.ha', 'cyrl.hard-sign')",32.0
cyrillic,verdana,"('cyrl.che', 'cyrl.ha', 'cyrl.i')",31.0
cyrillic,verdana,"('cyrl.che', 'cyrl.ha', 'cyrl.soft-sign')",37.0
cyrillic,verdana,"('cyrl.che', 'cyrl.ha', 'cyrl.ve')",38.0
cyrillic,verdana,"('cyrl.che', 'cyrl.ha', 'cyrl.yeru')",34.0
cyrillic,verdana,"('cyrl.che', 'cyrl.hard-sign', 'cyrl.i')",28.0
cyrillic,verdana,"('cyrl.che', 'cyrl.hard-sign', 'cyrl.soft-sign')",55.0
cyrillic,verdana,"('cyrl.che', 'cyrl.hard-sign', 'cyrl.ve')",39.0
cyrillic,verdana,"('cyrl.che', 'cyrl.hard-sign', 'cyrl.yeru')",43.0
cyrillic,verdana,"('cyrl.che', 'cyrl.i', 'cyrl.soft-sign')",31.0
cyrillic,verdana,"('cyrl.che', 'cyrl.i', 'cyrl.ve')",32.0
cyrillic,verdana,"('cyrl.che', 'cyrl.i', 'cyrl.yeru')",22.0
cyrillic,verdana,"('cyrl.che', 'cyrl.soft-sign', 'cyrl.ve')",40.0
cyrillic,verdana,"('cyrl.che', 'cyrl.soft-sign', 'cyrl.yeru')",47.0
cyrillic,verdana,"('cyrl.che', 'cyrl.ve', 'cyrl.yeru')",38.0
cyrillic,verdana,"('cyrl.ha', 'cyrl.hard-sign', 'cyrl.i')",43.0
cyrillic,verdana,"('cyrl.ha', 'cyrl.hard-sign', 'cyrl.soft-sign')",54.0
cyrillic,verdana,"('cyrl.ha', 'cyrl.hard-sign', 'cyrl.ve')",42.0
cyrillic,verdana,"('cyrl.ha', 'cyrl.hard-sign', 'cyrl.yeru')",48.0
cyrillic,verdana,"('cyrl.ha', 'cyrl.i', 'cyrl.soft-sign')",37.0
cyrillic,verdana,"('cyrl.ha', 'cyrl.i', 'cyrl.ve')",36.0
cyrillic,verdana,"('cyrl.ha', 'cyrl.i', 'cyrl.yeru')",41.0
cyrillic,verdana,"('cyrl.ha', 'cyrl.soft-sign', 'cyrl.ve')",50.0
cyrillic,verdana,"('cyrl.ha', 'cyrl.soft-sign', 'cyrl.yeru')",48.0
cyrillic,verdana,"('cyrl.ha', 'cyrl.ve', 'cyrl.yeru')",47.0
cyrillic,verdana,"('cyrl.hard-sign', 'cyrl.i', 'cyrl.soft-sign')",53.0
cyrillic,verdana,"('cyrl.hard-sign', 'cyrl.i', 'cyrl.ve')",43.0
cyrillic,verdana,"('cyrl.hard-sign', 'cyrl.i', 'cyrl.yeru')",45.0
cyrillic,verdana,"('cyrl.hard-sign', 'cyrl.soft-sign', 'cyrl.ve')",43.0
cyrillic,verdana,"('cyrl.hard-sign', 'cyrl.soft-sign', 'cyrl.yeru')",42.0
cyrillic,verdana,"('cyrl.hard-sign', 'cyrl.ve', 'cyrl.yeru')",37.0
cyrillic,verdana,"('cyrl.i', 'cyrl.soft-sign', 'cyrl.ve')",45.0
cyrillic,verdana,"('cyrl.i', 'cyrl.soft-sign', 'cyrl.yeru')",41.0
cyrillic,verdana,"('cyrl.i', 'cyrl.ve', 'cyrl.yeru')",36.0
cyrillic,verdana,"('cyrl.soft-sign', 'cyrl.ve', 'cyrl.yeru')",40.0
devanagari,adobe-devanagari,"('deva.A', 'deva.Ba', 'deva.Gha')",27.0
devanagari,adobe-devanagari,"('deva.A', 'deva.Ba', 'deva.Kha')",27.0
devanagari,adobe-devanagari,"('deva.A', 'deva.Ba', 'deva.Ra')",19.0
devanagari,adobe-devanagari,"('deva.A', 'deva.Ba', 'deva.Sa')",25.0
devanagari,adobe-devanagari,"('deva.A', 'deva.Ba', 'deva.Ssa')",45.0
devanagari,adobe-devanagari,"('deva.A', 'deva.Ba', 'deva.Ta')",33.0
devanagari,adobe-devanagari,"('deva.A', 'deva.Gha', 'deva.Kha')",24.0
devanagari,adobe-devanagari,"('deva.A', 'deva.Gha', 'deva.Ra')",22.0
devanagari,adobe-devanagari,"('deva.A', 'deva.Gha', 'deva.Sa')",23.0
devanagari,adobe-devanagari,"('deva.A', 'deva.Gha', 'deva.Ssa')",31.0
devanagari,adobe-devanagari,"('deva.A', 'deva.Gha', 'deva.Ta')",21.0
devanagari,adobe-devanagari,"('deva.A', 'deva.Kha', 'deva.Ra')",29.0
devanagari,adobe-devanagari,"('deva.A', 'deva.Kha', 'deva.Sa')",35.0
devanagari,adobe-devanagari,"('deva.A', 'deva.Kha', 'deva.Ssa')",22.0
devanagari,adobe-devanagari,"('deva.A', 'deva.Kha', 'deva.Ta')",26.0
devanagari,adobe-devanagari,"('deva.A', 'deva.Ra', 'deva.Sa')",35.0
devanagari,adobe-devanagari,"('deva.A', 'deva.Ra', 'deva.Ssa')",22.0
devanagari,adobe-devanagari,"('deva.A', 'deva.Ra', 'deva.Ta')",31.0
devanagari,adobe-devanagari,"('deva.A', 'deva.Sa', 'deva.Ssa')",24.0
devanagari,adobe-devanagari,"('deva.A', 'deva.Sa', 'deva.Ta')",30.0
devanagari,adobe-devanagari,"('deva.A', 'deva.Ssa', 'deva.Ta')",26.0
devanagari,adobe-devanagari,"('deva.Ba', 'deva.Gha', 'deva.Kha')",20.0
devanagari,adobe-devanagari,"('deva.Ba', 'deva.Gha', 'deva.Ra')",31.0
devanagari,adobe-devanagari,"('deva.Ba', 'deva.Gha', 'deva.Sa')",23.0
devanagari,adobe-devanagari,"('deva.Ba', 'deva.Gha', 'deva.Ssa')",36.0
devanagari,adobe-devanagari,"('deva.Ba', 'deva.Gha', 'deva.Ta')",20.0
devanagari,adobe-devanagari,"('deva.Ba', 'deva.Kha', 'deva.Ra')",28.0
devanagari,adobe-devanagari,"('deva.Ba', 'deva.Kha', 'deva.Sa')",35.0
devanagari,adobe-devanagari,"('deva.Ba', 'deva.Kha', 'deva.Ssa')",41.0
devanagari,adobe-devanagari,"('deva.Ba', 'deva.Kha', 'deva.Ta')",21.0
devanagari,adobe-devanagari,"('deva.Ba', 'deva.Ra', 'deva.Sa')",34.0
devanagari,adobe-devanagari,"('deva.Ba', 'deva.Ra', 'deva.Ssa')",46.0
devanagari,adobe-devanagari,"('deva.Ba', 'deva.Ra', 'deva.Ta')",30.0
devanagari,adobe-devanagari,"('deva.Ba', 'deva.Sa', 'deva.Ssa')",41.0
devanagari,adobe-devanagari,"('deva.Ba', 'deva.Sa', 'deva.Ta')",29.0
devanagari,adobe-devanagari,"('deva.Ba', 'deva.Ssa', 'deva.Ta')",40.0
devanagari,adobe-devanagari,"('deva.Gha', 'deva.Kha', 'deva.Ra')",27.0
devanagari,adobe-devanagari,"('deva.Gha', 'deva.Kha', 'deva.Sa')",39.0
devanagari,adobe-devanagari,"('deva.Gha', 'deva.Kha', 'deva.Ssa')",27.0
devanagari,adobe-devanagari,"('deva.Gha', 'deva.Kha', 'deva.Ta')",18.0
devanagari,adobe-devanagari,"('deva.Gha', 'deva.Ra', 'deva.Sa')",27.0
devanagari,adobe-devanagari,"('deva.Gha', 'deva.Ra', 'deva.Ssa')",31.0
devanagari,adobe-devanagari,"('deva.Gha', 'deva.Ra', 'deva.Ta')",31.0
devanagari,adobe-devanagari,"('deva.Gha', 'deva.Sa', 'deva.Ssa')",23.0
devanagari,adobe-devanagari,"('deva.Gha', 'deva.Sa', 'deva.Ta')",20.0
devanagari,adobe-devanagari,"('deva.Gha', 'deva.Ssa', 'deva.Ta')",22.0
devanagari,adobe-devanagari,"('deva.Kha', 'deva.Ra', 'deva.Sa')",22.0
devanagari,adobe-devanagari,"('deva.Kha', 'deva.Ra', 'deva.Ssa')",36.0
devanagari,adobe-devanagari,"('deva.Kha', 'deva.Ra', 'deva.Ta')",22.0
devanagari,adobe-devanagari,"('deva.Kha', 'deva.Sa', 'deva.Ssa')",34.0
devanagari,adobe-devanagari,"('deva.Kha', 'deva.Sa', 'deva.Ta')",34.0
devanagari,adobe-devanagari,"('deva.Kha', 'deva.Ssa', 'deva.Ta')",23.0
devanagari,adobe-devanagari,"('deva.Ra', 'deva.Sa', 'deva.Ssa')",29.0
devanagari,adobe-devanagari,"('deva.Ra', 'deva.Sa', 'deva.Ta')",23.0
devanagari,adobe-devanagari,"('deva.Ra', 'deva.Ssa', 'deva.Ta')",23.0
devanagari,adobe-devanagari,"('deva.Sa', 'deva.Ssa', 'deva.Ta')",24.0
devanagari,devanagari-mt,"('deva.Ca', 'deva.Cha', 'deva.Dda')",25.0
devanagari,devanagari-mt,"('deva.Ca', 'deva.Cha', 'deva.Dha')",39.0
devanagari,devanagari-mt,"('deva.Ca', 'deva.Cha', 'deva.Gha')",37.0
devanagari,devanagari-mt,"('deva.Ca', 'deva.Cha', 'deva.Ha')",28.0
devanagari,devanagari-mt,"('deva.Ca', 'deva.Cha', 'deva.Tta')",21.0
devanagari,devanagari-mt,"('deva.Ca', 'deva.Cha', 'deva.U')",35.0
devanagari,devanagari-mt,"('deva.Ca', 'deva.Dda', 'deva.Dha')",20.0
devanagari,devanagari-mt,"('deva.Ca', 'deva.Dda', 'deva.Gha')",32.0
devanagari,devanagari-mt,"('deva.Ca', 'deva.Dda', 'deva.Ha')",45.0
devanagari,devanagari-mt,"('deva.Ca', 'deva.Dda', 'deva.Tta')",42.0
devanagari,devanagari-mt,"('deva.Ca', 'deva.Dda', 'deva.U')",40.0
devanagari,devanagari-mt,"('deva.Ca', 'deva.Dha', 'deva.Gha')",35.0
devanagari,devanagari-mt,"('deva.Ca', 'deva.Dha', 'deva.Ha')",20.0
devanagari,devanagari-mt,"('deva.Ca', 'deva.Dha', 'deva.Tta')",19.0
devanagari,devanagari-mt,"('deva.Ca', 'deva.Dha', 'deva.U')",24.0
devanagari,devanagari-mt,"('deva.Ca', 'deva.Gha', 'deva.Ha')",27.0
devanagari,devanagari-mt,"('deva.Ca', 'deva.Gha', 'deva.Tta')",35.0
devanagari,devanagari-mt,"('deva.Ca', 'deva.Gha', 'deva.U')",34.0
devanagari,devanagari-mt,"('deva.Ca', 'deva.Ha', 'deva.Tta')",33.0
devanagari,devanagari-mt,"('deva.Ca', 'deva.Ha', 'deva.U')",33.0
devanagari,devanagari-mt,"('deva.Ca', 'deva.Tta', 'deva.U')",39.0
devanagari,devanagari-mt,"('deva.Cha', 'deva.Dda', 'deva.Dha')",42.0
devanagari,devanagari-mt,"('deva.Cha', 'deva.Dda', 'deva.Gha')",38.0
devanagari,devanagari-mt,"('deva.Cha', 'deva.Dda', 'deva.Ha')",44.0
devanagari,devanagari-mt,"('deva.Cha', 'deva.Dda', 'deva.Tta')",47.0
devanagari,devanagari-mt,"('deva.Cha', 'deva.Dda', 'deva.U')",29.0
devanagari,devanagari-mt,"('deva.Cha', 'deva.Dha', 'deva.Gha')",39.0
devanagari,devanagari-mt,"('deva.Cha', 'deva.Dha', 'deva.Ha')",39.0
devanagari,devanagari-mt,"('deva.Cha', 'deva.Dha', 'deva.Tta')",42.0
devanagari,devanagari-mt,"('deva.Cha', 'deva.Dha', 'deva.U')",38.0
devanagari,devanagari-mt,"('deva.Cha', 'deva.Gha', 'deva.Ha')",36.0
devanagari,devanagari-mt,"('deva.Cha', 'deva.Gha', 'deva.Tta')",38.0
devanagari,devanagari-mt,"('deva.Cha', 'deva.Gha', 'deva.U')",32.0
devanagari,devanagari-mt,"('deva.Cha', 'deva.Ha', 'deva.Tta')",29.0
devanagari,devanagari-mt,"('deva.Cha', 'deva.Ha', 'deva.U')",20.0
devanagari,devanagari-mt,"('deva.Cha', 'deva.Tta', 'deva.U')",24.0
devanagari,devanagari-mt,"('deva.Dda', 'deva.Dha', 'deva.Gha')",47.0
devanagari,devanagari-mt,"('deva.Dda', 'deva.Dha', 'deva.Ha')",38.0
devanagari,devanagari-mt,"('deva.Dda', 'deva.Dha', 'deva.Tta')",40.0
devanagari,devanagari-mt,"('deva.Dda', 'deva.Dha', 'deva.U')",29.0
devanagari,devanagari-mt,"('deva.Dda', 'deva.Gha', 'deva.Ha')",34.0
devanagari,devanagari-mt,"('deva.Dda', 'deva.Gha', 'deva.Tta')",38.0
devanagari,devanagari-mt,"('deva.Dda', 'deva.Gha', 'deva.U')",29.0
devanagari,devanagari-mt,"('deva.Dda', 'deva.Ha', 'deva.Tta')",26.0
devanagari,devanagari-mt,"('deva.Dda', 'deva.Ha', 'deva.U')",31.0
devanagari,devanagari-mt,"('deva.Dda', 'deva.Tta', 'deva.U')",27.0
devanagari,devanagari-mt,"('deva.Dha', 'deva.Gha', 'deva.Ha')",45.0
devanagari,devanagari-mt,"('deva.Dha', 'deva.Gha', 'deva.Tta')",45.0
devanagari,devanagari-mt,"('deva.Dha', 'deva.Gha', 'deva.U')",42.0
devanagari,devanagari-mt,"('deva.Dha', 'deva.Ha', 'deva.Tta')",28.0
devanagari,devanagari-mt,"('deva.Dha', 'deva.Ha', 'deva.U')",24.0
devanagari,devanagari-mt,"('deva.Dha', 'deva.Tta', 'deva.U')",29.0
devanagari,devanagari-mt,"('deva.Gha', 'deva.Ha', 'deva.Tta')",30.0
devanagari,devanagari-mt,"('deva.Gha', 'deva.Ha', 'deva.U')",24.0
devanagari,devanagari-mt,"('deva.Gha', 'deva.Tta', 'deva.U')",28.0
devanagari,devanagari-mt,"('deva.Ha', 'deva.Tta', 'deva.U')",30.0
devanagari,ek-mukta,"('deva.Bha', 'deva.Ddha', 'deva.E')",24.0
devanagari,ek-mukta,"('deva.Bha', 'deva.Ddha', 'deva.Ja')",36.0
devanagari,ek-mukta,"('deva.Bha', 'deva.Ddha', 'deva.Ka')",25.0
devanagari,ek-mukta,"('deva.Bha', 'deva.Ddha', 'deva.Ma')",51.0
devanagari,ek-mukta,"('deva.Bha', 'deva.Ddha', 'deva.Na')",41.0
devanagari,ek-mukta,"('deva.Bha', 'deva.Ddha', 'deva.Sha')",38.0
devanagari,ek-mukta,"('deva.Bha', 'deva.E', 'deva.Ja')",40.0
devanagari,ek-mukta,"('deva.Bha', 'deva.E', 'deva.Ka')",36.0
devanagari,ek-mukta,"('deva.Bha', 'deva.E', 'deva.Ma')",51.0
devanagari,ek-mukta,"('deva.Bha', 'deva.E', 'deva.Na')",46.0
devanagari,ek-mukta,"('deva.Bha', 'deva.E', 'deva.Sha')",41.0
devanagari,ek-mukta,"('deva.Bha', 'deva.Ja', 'deva.Ka')",28.0
devanagari,ek-mukta,"('deva.Bha', 'deva.Ja', 'deva.Ma')",45.0
devanagari,ek-mukta,"('deva.Bha', 'deva.Ja', 'deva.Na')",27.0
devanagari,ek-mukta,"('deva.Bha', 'deva.Ja', 'deva.Sha')",28.0
devanagari,ek-mukta,"('deva.Bha', 'deva.Ka', 'deva.Ma')",47.0
devanagari,ek-mukta,"('deva.Bha', 'deva.Ka', 'deva.Na')",41.0
devanagari,ek-mukta,"('deva.Bha', 'deva.Ka', 'deva.Sha')",28.0
devanagari,ek-mukta,"('deva.Bha', 'deva.Ma', 'deva.Na')",33.0
devanagari,ek-mukta,"('deva.Bha', 'deva.Ma', 'deva.Sha')",46.0
devanagari,ek-mukta,"('deva.Bha', 'deva.Na', 'deva.Sha')",34.0
devanagari,ek-mukta,"('deva.Ddha', 'deva.E', 'deva.Ja')",39.0
devanagari,ek-mukta,"('deva.Ddha', 'deva.E', 'deva.Ka')",47.0
devanagari,ek-mukta,"('deva.Ddha', 'deva.E', 'deva.Ma')",31.0
devanagari,ek-mukta,"('deva.Ddha', 'deva.E', 'deva.Na')",26.0
devanagari,ek-mukta,"('deva.Ddha', 'deva.E', 'deva.Sha')",28.0
devanagari,ek-mukta,"('deva.Ddha', 'deva.Ja', 'deva.Ka')",34.0
devanagari,ek-mukta,"('deva.Ddha', 'deva.Ja', 'deva.Ma')",40.0
devanagari,ek-mukta,"('deva.Ddha', 'deva.Ja', 'deva.Na')",44.0
devanagari,ek-mukta,"('deva.Ddha', 'deva.Ja', 'deva.Sha')",28.0
devanagari,ek-mukta,"('deva.Ddha', 'deva.Ka', 'deva.Ma')",27.0
devanagari,ek-mukta,"('deva.Ddha', 'deva.Ka', 'deva.Na')",26.0
devanagari,ek-mukta,"('deva.Ddha', 'deva.Ka', 'deva.Sha')",35.0
devanagari,ek-mukta,"('deva.Ddha', 'deva.Ma', 'deva.Na')",47.0
devanagari,ek-mukta,"('deva.Ddha', 'deva.Ma', 'deva.Sha')",25.0
devanagari,ek-mukta,"('deva.Ddha', 'deva.Na', 'deva.Sha')",22.0
devanagari,ek-mukta,"('deva.E', 'deva.Ja', 'deva.Ka')",51.0
devanagari,ek-mukta,"('deva.E', 'deva.Ja', 'deva.Ma')",36.0
devanagari,ek-mukta,"('deva.E', 'deva.Ja', 'deva.Na')",54.0
devanagari,ek-mukta,"('deva.E', 'deva.Ja', 'deva.Sha')",31.0
devanagari,ek-mukta,"('deva.E', 'deva.Ka', 'deva.Ma')",27.0
devanagari,ek-mukta,"('deva.E', 'deva.Ka', 'deva.Na')",40.0
devanagari,ek-mukta,"('deva.E', 'deva.Ka', 'deva.Sha')",36.0
devanagari,ek-mukta,"('deva.E', 'deva.Ma', 'deva.Na')",50.0
devanagari,ek-mukta,"('deva.E', 'deva.Ma', 'deva.Sha')",25.0
devanagari,ek-mukta,"('deva.E', 'deva.Na', 'deva.Sha')",30.0
devanagari,ek-mukta,"('deva.Ja', 'deva.Ka', 'deva.Ma')",27.0
devanagari,ek-mukta,"('deva.Ja', 'deva.Ka', 'deva.Na')",38.0
devanagari,ek-mukta,"('deva.Ja', 'deva.Ka', 'deva.Sha')",38.0
devanagari,ek-mukta,"('deva.Ja', 'deva.Ma', 'deva.Na')",46.0
devanagari,ek-mukta,"('deva.Ja', 'deva.Ma', 'deva.Sha')",38.0
devanagari,ek-mukta,"('deva.Ja', 'deva.Na', 'deva.Sha')",45.0
devanagari,ek-mukta,"('deva.Ka', 'deva.Ma', 'deva.Na')",50.0
devanagari,ek-mukta,"('deva.Ka', 'deva.Ma', 'deva.Sha')",28.0
devanagari,ek-mukta,"('deva.Ka', 'deva.Na', 'deva.Sha')",29.0
devanagari,ek-mukta,"('deva.Ma', 'deva.Na', 'deva.Sha')",50.0
devanagari,itf-devanagari,"('deva.Bha', 'deva.Ca', 'deva.Jha')",29.0
devanagari,itf-devanagari,"('deva.Bha', 'deva.Ca', 'deva.Ma')",45.0
devanagari,itf-devanagari,"('deva.Bha', 'deva.Ca', 'deva.Nya')",46.0
devanagari,itf-devanagari,"('deva.Bha', 'deva.Ca', 'deva.Ra')",35.0
devanagari,itf-devanagari,"('deva.Bha', 'deva.Ca', 'deva.Ttha')",30.0
devanagari,itf-devanagari,"('deva.Bha', 'deva.Ca', 'deva.Va')",41.0
devanagari,itf-devanagari,"('deva.Bha', 'deva.Jha', 'deva.Ma')",49.0
devanagari,itf-devanagari,"('deva.Bha', 'deva.Jha', 'deva.Nya')",23.0
devanagari,itf-devanagari,"('deva.Bha', 'deva.Jha', 'deva.Ra')",32.0
devanagari,itf-devanagari,"('deva.Bha', 'deva.Jha', 'deva.Ttha')",31.0
devanagari,itf-devanagari,"('deva.Bha', 'deva.Jha', 'deva.Va')",27.0
devanagari,itf-devanagari,"('deva.Bha', 'deva.Ma', 'deva.Nya')",47.0
devanagari,itf-devanagari,"('deva.Bha', 'deva.Ma', 'deva.Ra')",51.0
devanagari,itf-devanagari,"('deva.Bha', 'deva.Ma', 'deva.Ttha')",46.0
devanagari,itf-devanagari,"('deva.Bha', 'deva.Ma', 'deva.Va')",49.0
devanagari,itf-devanagari,"('deva.Bha', 'deva.Nya', 'deva.Ra')",31.0
devanagari,itf-devanagari,"('deva.Bha', 'deva.Nya', 'deva.Ttha')",26.0
devanagari,itf-devanagari,"('deva.Bha', 'deva.Nya', 'deva.Va')",35.0
devanagari,itf-devanagari,"('deva.Bha', 'deva.Ra', 'deva.Ttha')",27.0
devanagari,itf-devanagari,"('deva.Bha', 'deva.Ra', 'deva.Va')",25.0
devanagari,itf-devanagari,"('deva.Bha', 'deva.Ttha', 'deva.Va')",46.0
devanagari,itf-devanagari,"('deva.Ca', 'deva.Jha', 'deva.Ma')",24.0
devanagari,itf-devanagari,"('deva.Ca', 'deva.Jha', 'deva.Nya')",43.0
devanagari,itf-devanagari,"('deva.Ca', 'deva.Jha', 'deva.Ra')",37.0
devanagari,itf-devanagari,"('deva.Ca', 'deva.Jha', 'deva.Ttha')",32.0
devanagari,itf-devanagari,"('deva.Ca', 'deva.Jha', 'deva.Va')",48.0
devanagari,itf-devanagari,"('deva.Ca', 'deva.Ma', 'deva.Nya')",44.0
devanagari,itf-devanagari,"('deva.Ca', 'deva.Ma', 'deva.Ra')",35.0
devanagari,itf-devanagari,"('deva.Ca', 'deva.Ma', 'deva.Ttha')",33.0
devanagari,itf-devanagari,"('deva.Ca', 'deva.Ma', 'deva.Va')",44.0
devanagari,itf-devanagari,"('deva.Ca', 'deva.Nya', 'deva.Ra')",44.0
devanagari,itf-devanagari,"('deva.Ca', 'deva.Nya', 'deva.Ttha')",42.0
devanagari,itf-devanagari,"('deva.Ca', 'deva.Nya', 'deva.Va')",31.0
devanagari,itf-devanagari,"('deva.Ca', 'deva.Ra', 'deva.Ttha')",36.0
devanagari,itf-devanagari,"('deva.Ca', 'deva.Ra', 'deva.Va')",45.0
devanagari,itf-devanagari,"('deva.Ca', 'deva.Ttha', 'deva.Va')",42.0
devanagari,itf-devanagari,"('deva.Jha', 'deva.Ma', 'deva.Nya')",23.0
devanagari,itf-devanagari,"('deva.Jha', 'deva.Ma', 'deva.Ra')",34.0
devanagari,itf-devanagari,"('deva.Jha', 'deva.Ma', 'deva.Ttha')",31.0
devanagari,itf-devanagari,"('deva.Jha', 'deva.Ma', 'deva.Va')",27.0
devanagari,itf-devanagari,"('deva.Jha', 'deva.Nya', 'deva.Ra')",38.0
devanagari,itf-devanagari,"('deva.Jha', 'deva.Nya', 'deva.Ttha')",36.0
devanagari,itf-devanagari,"('deva.Jha', 'deva.Nya', 'deva.Va')",35.0
devanagari,itf-devanagari,"('deva.Jha', 'deva.Ra', 'deva.Ttha')",22.0
devanagari,itf-devanagari,"('deva.Jha', 'deva.Ra', 'deva.Va')",28.0
devanagari,itf-devanagari,"('deva.Jha', 'deva.Ttha', 'deva.Va')",47.0
devanagari,itf-devanagari,"('deva.Ma', 'deva.Nya', 'deva.Ra')",25.0
devanagari,itf-devanagari,"('deva.Ma', 'deva.Nya', 'deva.Ttha')",23.0
devanagari,itf-devanagari,"('deva.Ma', 'deva.Nya', 'deva.Va')",40.0
devanagari,itf-devanagari,"('deva.Ma', 'deva.Ra', 'deva.Ttha')",24.0
devanagari,itf-devanagari,"('deva.Ma', 'deva.Ra', 'deva.Va')",29.0
devanagari,itf-devanagari,"('deva.Ma', 'deva.Ttha', 'deva.Va')",42.0
devanagari,itf-devanagari,"('deva.Nya', 'deva.Ra', 'deva.Ttha')",32.0
devanagari,itf-devanagari,"('deva.Nya', 'deva.Ra', 'deva.Va')",42.0
devanagari,itf-devanagari,"('deva.Nya', 'deva.Ttha', 'deva.Va')",29.0
devanagari,itf-devanagari,"('deva.Ra', 'deva.Ttha', 'deva.Va')",44.0
devanagari,kohinoor-devanagari,"('deva.Ba', 'deva.Dda', 'deva.Ga')",23.0
devanagari,kohinoor-devanagari,"('deva.Ba', 'deva.Dda', 'deva.Ha')",53.0
devanagari,kohinoor-devanagari,"('deva.Ba', 'deva.Dda', 'deva.I')",51.0
devanagari,kohinoor-devanagari,"('deva.Ba', 'deva.Dda', 'deva.Na')",26.0
devanagari,kohinoor-devanagari,"('deva.Ba', 'deva.Dda', 'deva.Pa')",37.0
devanagari,kohinoor-devanagari,"('deva.Ba', 'deva.Dda', 'deva.Sa')",23.0
devanagari,kohinoor-devanagari,"('deva.Ba', 'deva.Ga', 'deva.Ha')",26.0
devanagari,kohinoor-devanagari,"('deva.Ba', 'deva.Ga', 'deva.I')",24.0
devanagari,kohinoor-devanagari,"('deva.Ba', 'deva.Ga', 'deva.Na')",49.0
devanagari,kohinoor-devanagari,"('deva.Ba', 'deva.Ga', 'deva.Pa')",39.0
devanagari,kohinoor-devanagari,"('deva.Ba', 'deva.Ga', 'deva.Sa')",41.0
devanagari,kohinoor-devanagari,"('deva.Ba', 'deva.Ha', 'deva.I')",52.0
devanagari,kohinoor-devanagari,"('deva.Ba', 'deva.Ha', 'deva.Na')",23.0
devanagari,kohinoor-devanagari,"('deva.Ba', 'deva.Ha', 'deva.Pa')",38.0
devanagari,kohinoor-devanagari,"('deva.Ba', 'deva.Ha', 'deva.Sa')",25.0
devanagari,kohinoor-devanagari,"('deva.Ba', 'deva.I', 'deva.Na')",27.0
devanagari,kohinoor-devanagari,"('deva.Ba', 'deva.I', 'deva.Pa')",39.0
devanagari,kohinoor-devanagari,"('deva.Ba', 'deva.I', 'deva.Sa')",29.0
devanagari,kohinoor-devanagari,"('deva.Ba', 'deva.Na', 'deva.Pa')",28.0
devanagari,kohinoor-devanagari,"('deva.Ba', 'deva.Na', 'deva.Sa')",30.0
devanagari,kohinoor-devanagari,"('deva.Ba', 'deva.Pa', 'deva.Sa')",28.0
devanagari,kohinoor-devanagari,"('deva.Dda', 'deva.Ga', 'deva.Ha')",52.0
devanagari,kohinoor-devanagari,"('deva.Dda', 'deva.Ga', 'deva.I')",51.0
devanagari,kohinoor-devanagari,"('deva.Dda', 'deva.Ga', 'deva.Na')",49.0
devanagari,kohinoor-devanagari,"('deva.Dda', 'deva.Ga', 'deva.Pa')",42.0
devanagari,kohinoor-devanagari,"('deva.Dda', 'deva.Ga', 'deva.Sa')",37.0
devanagari,kohinoor-devanagari,"('deva.Dda', 'deva.Ha', 'deva.I')",40.0
devanagari,kohinoor-devanagari,"('deva.Dda', 'deva.Ha', 'deva.Na')",49.0
devanagari,kohinoor-devanagari,"('deva.Dda', 'deva.Ha', 'deva.Pa')",49.0
devanagari,kohinoor-devanagari,"('deva.Dda', 'deva.Ha', 'deva.Sa')",46.0
devanagari,kohinoor-devanagari,"('deva.Dda', 'deva.I', 'deva.Na')",52.0
devanagari,kohinoor-devanagari,"('deva.Dda', 'deva.I', 'deva.Pa')",51.0
devanagari,kohinoor-devanagari,"('deva.Dda', 'deva.I', 'deva.Sa')",49.0
devanagari,kohinoor-devanagari,"('deva.Dda', 'deva.Na', 'deva.Pa')",44.0
devanagari,kohinoor-devanagari,"('deva.Dda', 'deva.Na', 'deva.Sa')",35.0
devanagari,kohinoor-devanagari,"('deva.Dda', 'deva.Pa', 'deva.Sa')",39.0
devanagari,kohinoor-devanagari,"('deva.Ga', 'deva.Ha', 'deva.I')",50.0
devanagari,kohinoor-devanagari,"('deva.Ga', 'deva.Ha', 'deva.Na')",45.0
devanagari,kohinoor-devanagari,"('deva.Ga', 'deva.Ha', 'deva.Pa')",49.0
devanagari,kohinoor-devanagari,"('deva.Ga', 'deva.Ha', 'deva.Sa')",37.0
devanagari,kohinoor-devanagari,"('deva.Ga', 'deva.I', 'deva.Na')",49.0
devanagari,kohinoor-devanagari,"('deva.Ga', 'deva.I', 'deva.Pa')",44.0
devanagari,kohinoor-devanagari,"('deva.Ga', 'deva.I', 'deva.Sa')",40.0
devanagari,kohinoor-devanagari,"('deva.Ga', 'deva.Na', 'deva.Pa')",33.0
devanagari,kohinoor-devanagari,"('deva.Ga', 'deva.Na', 'deva.Sa')",47.0
devanagari,kohinoor-devanagari,"('deva.Ga', 'deva.Pa', 'deva.Sa')",27.0
devanagari,kohinoor-devanagari,"('deva.Ha', 'deva.I', 'deva.Na')",49.0
devanagari,kohinoor-devanagari,"('deva.Ha', 'deva.I', 'deva.Pa')",46.0
devanagari,kohinoor-devanagari,"('deva.Ha', 'deva.I', 'deva.Sa')",50.0
devanagari,kohinoor-devanagari,"('deva.Ha', 'deva.Na', 'deva.Pa')",40.0
devanagari,kohinoor-devanagari,"('deva.Ha', 'deva.Na', 'deva.Sa')",35.0
devanagari,kohinoor-devanagari,"('deva.Ha', 'deva.Pa', 'deva.Sa')",33.0
devanagari,kohinoor-devanagari,"('deva.I', 'deva.Na', 'deva.Pa')",42.0
devanagari,kohinoor-devanagari,"('deva.I', 'deva.Na', 'deva.Sa')",32.0
devanagari,kohinoor-devanagari,"('deva.I', 'deva.Pa', 'deva.Sa')",41.0
devanagari,kohinoor-devanagari,"('deva.Na', 'deva.Pa', 'deva.Sa')",24.0
devanagari,lohit-devanagari,"('deva.Ga', 'deva.Ka', 'deva.La')",48.0
devanagari,lohit-devanagari,"('deva.Ga', 'deva.Ka', 'deva.Nna')",41.0
devanagari,lohit-devanagari,"('deva.Ga', 'deva.Ka', 'deva.Pa')",35.0
devanagari,lohit-devanagari,"('deva.Ga', 'deva.Ka', 'deva.Pha')",54.0
devanagari,lohit-devanagari,"('deva.Ga', 'deva.Ka', 'deva.Tha')",31.0
devanagari,lohit-devanagari,"('deva.Ga', 'deva.Ka', 'deva.Ya')",31.0
devanagari,lohit-devanagari,"('deva.Ga', 'deva.La', 'deva.Nna')",41.0
devanagari,lohit-devanagari,"('deva.Ga', 'deva.La', 'deva.Pa')",37.0
devanagari,lohit-devanagari,"('deva.Ga', 'deva.La', 'deva.Pha')",37.0
devanagari,lohit-devanagari,"('deva.Ga', 'deva.La', 'deva.Tha')",32.0
devanagari,lohit-devanagari,"('deva.Ga', 'deva.La', 'deva.Ya')",30.0
devanagari,lohit-devanagari,"('deva.Ga', 'deva.Nna', 'deva.Pa')",45.0
devanagari,lohit-devanagari,"('deva.Ga', 'deva.Nna', 'deva.Pha')",36.0
devanagari,lohit-devanagari,"('deva.Ga', 'deva.Nna', 'deva.Tha')",39.0
devanagari,lohit-devanagari,"('deva.Ga', 'deva.Nna', 'deva.Ya')",28.0
devanagari,lohit-devanagari,"('deva.Ga', 'deva.Pa', 'deva.Pha')",50.0
devanagari,lohit-devanagari,"('deva.Ga', 'deva.Pa', 'deva.Tha')",30.0
devanagari,lohit-devanagari,"('deva.Ga', 'deva.Pa', 'deva.Ya')",52.0
devanagari,lohit-devanagari,"('deva.Ga', 'deva.Pha', 'deva.Tha')",36.0
devanagari,lohit-devanagari,"('deva.Ga', 'deva.Pha', 'deva.Ya')",42.0
devanagari,lohit-devanagari,"('deva.Ga', 'deva.Tha', 'deva.Ya')",47.0
devanagari,lohit-devanagari,"('deva.Ka', 'deva.La', 'deva.Nna')",39.0
devanagari,lohit-devanagari,"('deva.Ka', 'deva.La', 'deva.Pa')",35.0
devanagari,lohit-devanagari,"('deva.Ka', 'deva.La', 'deva.Pha')",45.0
devanagari,lohit-devanagari,"('deva.Ka', 'deva.La', 'deva.Tha')",41.0
devanagari,lohit-devanagari,"('deva.Ka', 'deva.La', 'deva.Ya')",32.0
devanagari,lohit-devanagari,"('deva.Ka', 'deva.Nna', 'deva.Pa')",54.0
devanagari,lohit-devanagari,"('deva.Ka', 'deva.Nna', 'deva.Pha')",44.0
devanagari,lohit-devanagari,"('deva.Ka', 'deva.Nna', 'deva.Tha')",26.0
devanagari,lohit-devanagari,"('deva.Ka', 'deva.Nna', 'deva.Ya')",31.0
devanagari,lohit-devanagari,"('deva.Ka', 'deva.Pa', 'deva.Pha')",32.0
devanagari,lohit-devanagari,"('deva.Ka', 'deva.Pa', 'deva.Tha')",30.0
devanagari,lohit-devanagari,"('deva.Ka', 'deva.Pa', 'deva.Ya')",51.0
devanagari,lohit-devanagari,"('deva.Ka', 'deva.Pha', 'deva.Tha')",47.0
devanagari,lohit-devanagari,"('deva.Ka', 'deva.Pha', 'deva.Ya')",44.0
devanagari,lohit-devanagari,"('deva.Ka', 'deva.Tha', 'deva.Ya')",44.0
devanagari,lohit-devanagari,"('deva.La', 'deva.Nna', 'deva.Pa')",42.0
devanagari,lohit-devanagari,"('deva.La', 'deva.Nna', 'deva.Pha')",32.0
devanagari,lohit-devanagari,"('deva.La', 'deva.Nna', 'deva.Tha')",24.0
devanagari,lohit-devanagari,"('deva.La', 'deva.Nna', 'deva.Ya')",35.0
devanagari,lohit-devanagari,"('deva.La', 'deva.Pa', 'deva.Pha')",49.0
devanagari,lohit-devanagari,"('deva.La', 'deva.Pa', 'deva.Tha')",32.0
devanagari,lohit-devanagari,"('deva.La', 'deva.Pa', 'deva.Ya')",53.0
devanagari,lohit-devanagari,"('deva.La', 'deva.Pha', 'deva.Tha')",29.0
devanagari,lohit-devanagari,"('deva.La', 'deva.Pha', 'deva.Ya')",31.0
devanagari,lohit-devanagari,"('deva.La', 'deva.Tha', 'deva.Ya')",48.0
devanagari,lohit-devanagari,"('deva.Nna', 'deva.Pa', 'deva.Pha')",31.0
devanagari,lohit-devanagari,"('deva.Nna', 'deva.Pa', 'deva.Tha')",40.0
devanagari,lohit-devanagari,"('deva.Nna', 'deva.Pa', 'deva.Ya')",36.0
devanagari,lohit-devanagari,"('deva.Nna', 'deva.Pha', 'deva.Tha')",36.0
devanagari,lohit-devanagari,"('deva.Nna', 'deva.Pha', 'deva.Ya')",27.0
devanagari,lohit-devanagari,"('deva.Nna', 'deva.Tha', 'deva.Ya')",44.0
devanagari,lohit-devanagari,"('deva.Pa', 'deva.Pha', 'deva.Tha')",47.0
devanagari,lohit-devanagari,"('deva.Pa', 'deva.Pha', 'deva.Ya')",30.0
devanagari,lohit-devanagari,"('deva.Pa', 'deva.Tha', 'deva.Ya')",34.0
devanagari,lohit-devanagari,"('deva.Pha', 'deva.Tha', 'deva.Ya')",43.0
devanagari,murty-hindi,"('deva.Da', 'deva.Ddha', 'deva.Nna')",56.0
devanagari,murty-hindi,"('deva.Da', 'deva.Ddha', 'deva.Sha')",51.0
devanagari,murty-hindi,"('deva.Da', 'deva.Ddha', 'deva.Ssa')",55.0
devanagari,murty-hindi,"('deva.Da', 'deva.Ddha', 'deva.Ta')",48.0
devanagari,murty-hindi,"('deva.Da', 'deva.Ddha', 'deva.Tha')",49.0
devanagari,murty-hindi,"('deva.Da', 'deva.Ddha', 'deva.Ya')",50.0
devanagari,murty-hindi,"('deva.Da', 'deva.Nna', 'deva.Sha')",40.0
devanagari,murty-hindi,"('deva.Da', 'deva.Nna', 'deva.Ssa')",47.0
devanagari,murty-hindi,"('deva.Da', 'deva.Nna', 'deva.Ta')",46.0
devanagari,murty-hindi,"('deva.Da', 'deva.Nna', 'deva.Tha')",36.0
devanagari,murty-hindi,"('deva.Da', 'deva.Nna', 'deva.Ya')",29.0
devanagari,murty-hindi,"('deva.Da', 'deva.Sha', 'deva.Ssa')",32.0
devanagari,murty-hindi,"('deva.Da', 'deva.Sha', 'deva.Ta')",46.0
devanagari,murty-hindi,"('deva.Da', 'deva.Sha', 'deva.Tha')",34.0
devanagari,murty-hindi,"('deva.Da', 'deva.Sha', 'deva.Ya')",32.0
devanagari,murty-hindi,"('deva.Da', 'deva.Ssa', 'deva.Ta')",38.0
devanagari,murty-hindi,"('deva.Da', 'deva.Ssa', 'deva.Tha')",37.0
devanagari,murty-hindi,"('deva.Da', 'deva.Ssa', 'deva.Ya')",42.0
devanagari,murty-hindi,"('deva.Da', 'deva.Ta', 'deva.Tha')",32.0
devanagari,murty-hindi,"('deva.Da', 'deva.Ta', 'deva.Ya')",27.0
devanagari,murty-hindi,"('deva.Da', 'deva.Tha', 'deva.Ya')",51.0
devanagari,murty-hindi,"('deva.Ddha', 'deva.Nna', 'deva.Sha')",39.0
devanagari,murty-hindi,"('deva.Ddha', 'deva.Nna', 'deva.Ssa')",52.0
devanagari,murty-hindi,"('deva.Ddha', 'deva.Nna', 'deva.Ta')",36.0
devanagari,murty-hindi,"('deva.Ddha', 'deva.Nna', 'deva.Tha')",35.0
devanagari,murty-hindi,"('deva.Ddha', 'deva.Nna', 'deva.Ya')",34.0
devanagari,murty-hindi,"('deva.Ddha', 'deva.Sha', 'deva.Ssa')",37.0
devanagari,murty-hindi,"('deva.Ddha', 'deva.Sha', 'deva.Ta')",38.0
devanagari,murty-hindi,"('deva.Ddha', 'deva.Sha', 'deva.Tha')",38.0
devanagari,murty-hindi,"('deva.Ddha', 'deva.Sha', 'deva.Ya')",30.0
devanagari,murty-hindi,"('deva.Ddha', 'deva.Ssa', 'deva.Ta')",30.0
devanagari,murty-hindi,"('deva.Ddha', 'deva.Ssa', 'deva.Tha')",32.0
devanagari,murty-hindi,"('deva.Ddha', 'deva.Ssa', 'deva.Ya')",43.0
devanagari,murty-hindi,"('deva.Ddha', 'deva.Ta', 'deva.Tha')",26.0
devanagari,murty-hindi,"('deva.Ddha', 'deva.Ta', 'deva.Ya')",37.0
devanagari,murty-hindi,"('deva.Ddha', 'deva.Tha', 'deva.Ya')",49.0
devanagari,murty-hindi,"('deva.Nna', 'deva.Sha', 'deva.Ssa')",45.0
devanagari,murty-hindi,"('deva.Nna', 'deva.Sha', 'deva.Ta')",34.0
devanagari,murty-hindi,"('deva.Nna', 'deva.Sha', 'deva.Tha')",30.0
devanagari,murty-hindi,"('deva.Nna', 'deva.Sha', 'deva.Ya')",25.0
devanagari,murty-hindi,"('deva.Nna', 'deva.Ssa', 'deva.Ta')",38.0
devanagari,murty-hindi,"('deva.Nna', 'deva.Ssa', 'deva.Tha')",43.0
devanagari,murty-hindi,"('deva.Nna', 'deva.Ssa', 'deva.Ya')",33.0
devanagari,murty-hindi,"('deva.Nna', 'deva.Ta', 'deva.Tha')",38.0
devanagari,murty-hindi,"('deva.Nna', 'deva.Ta', 'deva.Ya')",37.0
devanagari,murty-hindi,"('deva.Nna', 'deva.Tha', 'deva.Ya')",52.0
devanagari,murty-hindi,"('deva.Sha', 'deva.Ssa', 'deva.Ta')",27.0
devanagari,murty-hindi,"('deva.Sha', 'deva.Ssa', 'deva.Tha')",29.0
devanagari,murty-hindi,"('deva.Sha', 'deva.Ssa', 'deva.Ya')",37.0
devanagari,murty-hindi,"('deva.Sha', 'deva.Ta', 'deva.Tha')",33.0
devanagari,murty-hindi,"('deva.Sha', 'deva.Ta', 'deva.Ya')",31.0
devanagari,murty-hindi,"('deva.Sha', 'deva.Tha', 'deva.Ya')",45.0
devanagari,murty-hindi,"('deva.Ssa', 'deva.Ta', 'deva.Tha')",21.0
devanagari,murty-hindi,"('deva.Ssa', 'deva.Ta', 'deva.Ya')",43.0
devanagari,murty-hindi,"('deva.Ssa', 'deva.Tha', 'deva.Ya')",48.0
devanagari,murty-hindi,"('deva.Ta', 'deva.Tha', 'deva.Ya')",48.0
devanagari,nirmala-ui,"('deva.Cha', 'deva.Da', 'deva.Dha')",33.0
devanagari,nirmala-ui,"('deva.Cha', 'deva.Da', 'deva.La')",30.0
devanagari,nirmala-ui,"('deva.Cha', 'deva.Da', 'deva.Nga')",22.0
devanagari,nirmala-ui,"('deva.Cha', 'deva.Da', 'deva.Tta')",42.0
devanagari,nirmala-ui,"('deva.Cha', 'deva.Da', 'deva.Ttha')",37.0
devanagari,nirmala-ui,"('deva.Cha', 'deva.Da', 'deva.U')",25.0
devanagari,nirmala-ui,"('deva.Cha', 'deva.Dha', 'deva.La')",29.0
devanagari,nirmala-ui,"('deva.Cha', 'deva.Dha', 'deva.Nga')",33.0
devanagari,nirmala-ui,"('deva.Cha', 'deva.Dha', 'deva.Tta')",34.0
devanagari,nirmala-ui,"('deva.Cha', 'deva.Dha', 'deva.Ttha')",39.0
devanagari,nirmala-ui,"('deva.Cha', 'deva.Dha', 'deva.U')",32.0
devanagari,nirmala-ui,"('deva.Cha', 'deva.La', 'deva.Nga')",32.0
devanagari,nirmala-ui,"('deva.Cha', 'deva.La', 'deva.Tta')",26.0
devanagari,nirmala-ui,"('deva.Cha', 'deva.La', 'deva.Ttha')",37.0
devanagari,nirmala-ui,"('deva.Cha', 'deva.La', 'deva.U')",26.0
devanagari,nirmala-ui,"('deva.Cha', 'deva.Nga', 'deva.Tta')",26.0
devanagari,nirmala-ui,"('deva.Cha', 'deva.Nga', 'deva.Ttha')",19.0
devanagari,nirmala-ui,"('deva.Cha', 'deva.Nga', 'deva.U')",32.0
devanagari,nirmala-ui,"('deva.Cha', 'deva.Tta', 'deva.Ttha')",42.0
devanagari,nirmala-ui,"('deva.Cha', 'deva.Tta', 'deva.U')",30.0
devanagari,nirmala-ui,"('deva.Cha', 'deva.Ttha', 'deva.U')",33.0
devanagari,nirmala-ui,"('deva.Da', 'deva.Dha', 'deva.La')",26.0
devanagari,nirmala-ui,"('deva.Da', 'deva.Dha', 'deva.Nga')",26.0
devanagari,nirmala-ui,"('deva.Da', 'deva.Dha', 'deva.Tta')",44.0
devanagari,nirmala-ui,"('deva.Da', 'deva.Dha', 'deva.Ttha')",34.0
devanagari,nirmala-ui,"('deva.Da', 'deva.Dha', 'deva.U')",25.0
devanagari,nirmala-ui,"('deva.Da', 'deva.La', 'deva.Nga')",25.0
devanagari,nirmala-ui,"('deva.Da', 'deva.La', 'deva.Tta')",41.0
devanagari,nirmala-ui,"('deva.Da', 'deva.La', 'deva.Ttha')",36.0
devanagari,nirmala-ui,"('deva.Da', 'deva.La', 'deva.U')",36.0
devanagari,nirmala-ui,"('deva.Da', 'deva.Nga', 'deva.Tta')",42.0
devanagari,nirmala-ui,"('deva.Da', 'deva.Nga', 'deva.Ttha')",36.0
devanagari,nirmala-ui,"('deva.Da', 'deva.Nga', 'deva.U')",19.0
devanagari,nirmala-ui,"('deva.Da', 'deva.Tta', 'deva.Ttha')",27.0
devanagari,nirmala-ui,"('deva.Da', 'deva.Tta', 'deva.U')",43.0
devanagari,nirmala-ui,"('deva.Da', 'deva.Ttha', 'deva.U')",34.0
devanagari,nirmala-ui,"('deva.Dha', 'deva.La', 'deva.Nga')",29.0
devanagari,nirmala-ui,"('deva.Dha', 'deva.La', 'deva.Tta')",29.0
devanagari,nirmala-ui,"('deva.Dha', 'deva.La', 'deva.Ttha')",34.0
devanagari,nirmala-ui,"('deva.Dha', 'deva.La', 'deva.U')",28.0
devanagari,nirmala-ui,"('deva.Dha', 'deva.Nga', 'deva.Tta')",27.0
devanagari,nirmala-ui,"('deva.Dha', 'deva.Nga', 'deva.Ttha')",21.0
devanagari,nirmala-ui,"('deva.Dha', 'deva.Nga', 'deva.U')",23.0
devanagari,nirmala-ui,"('deva.Dha', 'deva.Tta', 'deva.Ttha')",48.0
devanagari,nirmala-ui,"('deva.Dha', 'deva.Tta', 'deva.U')",28.0
devanagari,nirmala-ui,"('deva.Dha', 'deva.Ttha', 'deva.U')",28.0
devanagari,nirmala-ui,"('deva.La', 'deva.Nga', 'deva.Tta')",19.0
devanagari,nirmala-ui,"('deva.La', 'deva.Nga', 'deva.Ttha')",18.0
devanagari,nirmala-ui,"('deva.La', 'deva.Nga', 'deva.U')",36.0
devanagari,nirmala-ui,"('deva.La', 'deva.Tta', 'deva.Ttha')",44.0
devanagari,nirmala-ui,"('deva.La', 'deva.Tta', 'deva.U')",30.0
devanagari,nirmala-ui,"('deva.La', 'deva.Ttha', 'deva.U')",34.0
devanagari,nirmala-ui,"('deva.Nga', 'deva.Tta', 'deva.Ttha')",43.0
devanagari,nirmala-ui,"('deva.Nga', 'deva.Tta', 'deva.U')",19.0
devanagari,nirmala-ui,"('deva.Nga', 'deva.Ttha', 'deva.U')",27.0
devanagari,nirmala-ui,"('deva.Tta', 'deva.Ttha', 'deva.U')",41.0
latin,arial,"('latn.a', 'latn.e', 'latn.l')",65.0
latin,arial,"('latn.a', 'latn.e', 'latn.p')",52.0
latin,arial,"('latn.a', 'latn.e', 'latn.s')",48.0
latin,arial,"('latn.a', 'latn.e', 'latn.t')",65.0
latin,arial,"('latn.a', 'latn.e', 'latn.y')",62.0
latin,arial,"('latn.a', 'latn.e', 'latn.z')",64.0
latin,arial,"('latn.a', 'latn.l', 'latn.p')",51.0
latin,arial,"('latn.a', 'latn.l', 'latn.s')",60.0
latin,arial,"('latn.a', 'latn.l', 'latn.t')",56.0
latin,arial,"('latn.a', 'latn.l', 'latn.y')",39.0
latin,arial,"('latn.a', 'latn.l', 'latn.z')",39.0
latin,arial,"('latn.a', 'latn.p', 'latn.s')",52.0
latin,arial,"('latn.a', 'latn.p', 'latn.t')",50.0
latin,arial,"('latn.a', 'latn.p', 'latn.y')",34.0
latin,arial,"('latn.a', 'latn.p', 'latn.z')",42.0
latin,arial,"('latn.a', 'latn.s', 'latn.t')",62.0
latin,arial,"('latn.a', 'latn.s', 'latn.y')",59.0
latin,arial,"('latn.a', 'latn.s', 'latn.z')",39.0
latin,arial,"('latn.a', 'latn.t', 'latn.y')",37.0
latin,arial,"('latn.a', 'latn.t', 'latn.z')",44.0
latin,arial,"('latn.a', 'latn.y', 'latn.z')",31.0
latin,arial,"('latn.e', 'latn.l', 'latn.p')",51.0
latin,arial,"('latn.e', 'latn.l', 'latn.s')",62.0
latin,arial,"('latn.e', 'latn.l', 'latn.t')",57.0
latin,arial,"('latn.e', 'latn.l', 'latn.y')",39.0
latin,arial,"('latn.e', 'latn.l', 'latn.z')",40.0
latin,arial,"('latn.e', 'latn.p', 'latn.s')",50.0
latin,arial,"('latn.e', 'latn.p', 'latn.t')",46.0
latin,arial,"('latn.e', 'latn.p', 'latn.y')",33.0
latin,arial,"('latn.e', 'latn.p', 'latn.z')",40.0
latin,arial,"('latn.e', 'latn.s', 'latn.t')",63.0
latin,arial,"('latn.e', 'latn.s', 'latn.y')",63.0
latin,arial,"('latn.e', 'latn.s', 'latn.z')",40.0
latin,arial,"('latn.e', 'latn.t', 'latn.y')",32.0
latin,arial,"('latn.e', 'latn.t', 'latn.z')",49.0
latin,arial,"('latn.e', 'latn.y', 'latn.z')",32.0
latin,arial,"('latn.l', 'latn.p', 'latn.s')",36.0
latin,arial,"('latn.l', 'latn.p', 'latn.t')",55.0
latin,arial,"('latn.l', 'latn.p', 'latn.y')",46.0
latin,arial,"('latn.l', 'latn.p', 'latn.z')",26.0
latin,arial,"('latn.l', 'latn.s', 'latn.t')",51.0
latin,arial,"('latn.l', 'latn.s', 'latn.y')",28.0
latin,arial,"('latn.l', 'latn.s', 'latn.z')",58.0
latin,arial,"('latn.l', 'latn.t', 'latn.y')",52.0
latin,arial,"('latn.l', 'latn.t', 'latn.z')",45.0
latin,arial,"('latn.l', 'latn.y', 'latn.z')",37.0
latin,arial,"('latn.p', 'latn.s', 'latn.t')",37.0
latin,arial,"('latn.p', 'latn.s', 'latn.y')",43.0
latin,arial,"('latn.p', 'latn.s', 'latn.z')",48.0
latin,arial,"('latn.p', 'latn.t', 'latn.y')",43.0
latin,arial,"('latn.p', 'latn.t', 'latn.z')",25.0
latin,arial,"('latn.p', 'latn.y', 'latn.z')",37.0
latin,arial,"('latn.s', 'latn.t', 'latn.y')",38.0
latin,arial,"('latn.s', 'latn.t', 'latn.z')",53.0
latin,arial,"('latn.s', 'latn.y', 'latn.z')",53.0
latin,arial,"('latn.t', 'latn.y', 'latn.z')",36.0
latin,calibri,"('latn.d', 'latn.i', 'latn.j')",74.0
latin,calibri,"('latn.d', 'latn.i', 'latn.o')",66.0
latin,calibri,"('latn.d', 'latn.i', 'latn.p')",75.0
latin,calibri,"('latn.d', 'latn.i', 'latn.r')",43.0
latin,calibri,"('latn.d', 'latn.i', 'latn.v')",26.0
latin,calibri,"('latn.d', 'latn.i', 'latn.x')",40.0
latin,calibri,"('latn.d', 'latn.j', 'latn.o')",66.0
latin,calibri,"('latn.d', 'latn.j', 'latn.p')",72.0
latin,calibri,"('latn.d', 'latn.j', 'latn.r')",35.0
latin,calibri,"('latn.d', 'latn.j', 'latn.v')",37.0
latin,calibri,"('latn.d', 'latn.j', 'latn.x')",47.0
latin,calibri,"('latn.d', 'latn.o', 'latn.p')",68.0
latin,calibri,"('latn.d', 'latn.o', 'latn.r')",61.0
latin,calibri,"('latn.d', 'latn.o', 'latn.v')",66.0
latin,calibri,"('latn.d', 'latn.o', 'latn.x')",73.0
latin,calibri,"('latn.d', 'latn.p', 'latn.r')",70.0
latin,calibri,"('latn.d', 'latn.p', 'latn.v')",73.0
latin,calibri,"('latn.d', 'latn.p', 'latn.x')",75.0
latin,calibri,"('latn.d', 'latn.r', 'latn.v')",42.0
latin,calibri,"('latn.d', 'latn.r', 'latn.x')",50.0
latin,calibri,"('latn.d', 'latn.v', 'latn.x')",67.0
latin,calibri,"('latn.i', 'latn.j', 'latn.o')",74.0
latin,calibri,"('latn.i', 'latn.j', 'latn.p')",72.0
latin,calibri,"('latn.i', 'latn.j', 'latn.r')",69.0
latin,calibri,"('latn.i', 'latn.j', 'latn.v')",74.0
latin,calibri,"('latn.i', 'latn.j', 'latn.x')",74.0
latin,calibri,"('latn.i', 'latn.o', 'latn.p')",70.0
latin,calibri,"('latn.i', 'latn.o', 'latn.r')",55.0
latin,calibri,"('latn.i', 'latn.o', 'latn.v')",36.0
latin,calibri,"('latn.i', 'latn.o', 'latn.x')",34.0
latin,calibri,"('latn.i', 'latn.p', 'latn.r')",38.0
latin,calibri,"('latn.i', 'latn.p', 'latn.v')",30.0
latin,calibri,"('latn.i', 'latn.p', 'latn.x')",34.0
latin,calibri,"('latn.i', 'latn.r', 'latn.v')",46.0
latin,calibri,"('latn.i', 'latn.r', 'latn.x')",59.0
latin,calibri,"('latn.i', 'latn.v', 'latn.x')",68.0
latin,calibri,"('latn.j', 'latn.o', 'latn.p')",64.0
latin,calibri,"('latn.j', 'latn.o', 'latn.r')",46.0
latin,calibri,"('latn.j', 'latn.o', 'latn.v')",42.0
latin,calibri,"('latn.j', 'latn.o', 'latn.x')",32.0
latin,calibri,"('latn.j', 'latn.p', 'latn.r')",41.0
latin,calibri,"('latn.j', 'latn.p', 'latn.v')",44.0
latin,calibri,"('latn.j', 'latn.p', 'latn.x')",54.0
latin,calibri,"('latn.j', 'latn.r', 'latn.v')",40.0
latin,calibri,"('latn.j', 'latn.r', 'latn.x')",53.0
latin,calibri,"('latn.j', 'latn.v', 'latn.x')",67.0
latin,calibri,"('latn.o', 'latn.p', 'latn.r')",60.0
latin,calibri,"('latn.o', 'latn.p', 'latn.v')",67.0
latin,calibri,"('latn.o', 'latn.p', 'latn.x')",67.0
latin,calibri,"('latn.o', 'latn.r', 'latn.v')",33.0
latin,calibri,"('latn.o', 'latn.r', 'latn.x')",34.0
latin,calibri,"('latn.o', 'latn.v', 'latn.x')",65.0
latin,calibri,"('latn.p', 'latn.r', 'latn.v')",49.0
latin,calibri,"('latn.p', 'latn.r', 'latn.x')",54.0
latin,calibri,"('latn.p', 'latn.v', 'latn.x')",61.0
latin,calibri,"('latn.r', 'latn.v', 'latn.x')",63.0
latin,cambria,"('latn.b', 'latn.f', 'latn.i')",37.0
latin,cambria,"('latn.b', 'latn.f', 'latn.m')",38.0
latin,cambria,"('latn.b', 'latn.f', 'latn.n')",34.0
latin,cambria,"('latn.b', 'latn.f', 'latn.p')",60.0
latin,cambria,"('latn.b', 'latn.f', 'latn.q')",67.0
latin,cambria,"('latn.b', 'latn.f', 'latn.z')",60.0
latin,cambria,"('latn.b', 'latn.i', 'latn.m')",38.0
latin,cambria,"('latn.b', 'latn.i', 'latn.n')",51.0
latin,cambria,"('latn.b', 'latn.i', 'latn.p')",66.0
latin,cambria,"('latn.b', 'latn.i', 'latn.q')",71.0
latin,cambria,"('latn.b', 'latn.i', 'latn.z')",36.0
latin,cambria,"('latn.b', 'latn.m', 'latn.n')",73.0
latin,cambria,"('latn.b', 'latn.m', 'latn.p')",70.0
latin,cambria,"('latn.b', 'latn.m', 'latn.q')",69.0
latin,cambria,"('latn.b', 'latn.m', 'latn.z')",45.0
latin,cambria,"('latn.b', 'latn.n', 'latn.p')",70.0
latin,cambria,"('latn.b', 'latn.n', 'latn.q')",65.0
latin,cambria,"('latn.b', 'latn.n', 'latn.z')",44.0
latin,cambria,"('latn.b', 'latn.p', 'latn.q')",54.0
latin,cambria,"('latn.b', 'latn.p', 'latn.z')",70.0
latin,cambria,"('latn.b', 'latn.q', 'latn.z')",72.0
latin,cambria,"('latn.f', 'latn.i', 'latn.m')",36.0
latin,cambria,"('latn.f', 'latn.i', 'latn.n')",31.0
latin,cambria,"('latn.f', 'latn.i', 'latn.p')",29.0
latin,cambria,"('latn.f', 'latn.i', 'latn.q')",44.0
latin,cambria,"('latn.f', 'latn.i', 'latn.z')",52.0
latin,cambria,"('latn.f', 'latn.m', 'latn.n')",74.0
latin,cambria,"('latn.f', 'latn.m', 'latn.p')",43.0
latin,cambria,"('latn.f', 'latn.m', 'latn.q')",37.0
latin,cambria,"('latn.f', 'latn.m', 'latn.z')",44.0
latin,cambria,"('latn.f', 'latn.n', 'latn.p')",43.0
latin,cambria,"('latn.f', 'latn.n', 'latn.q')",39.0
latin,cambria,"('latn.f', 'latn.n', 'latn.z')",39.0
latin,cambria,"('latn.f', 'latn.p', 'latn.q')",72.0
latin,cambria,"('latn.f', 'latn.p', 'latn.z')",53.0
latin,cambria,"('latn.f', 'latn.q', 'latn.z')",55.0
latin,cambria,"('latn.i', 'latn.m', 'latn.n')",73.0
latin,cambria,"('latn.i', 'latn.m', 'latn.p')",42.0
latin,cambria,"('latn.i', 'latn.m', 'latn.q')",36.0
latin,cambria,"('latn.i', 'latn.m', 'latn.z')",38.0
latin,cambria,"('latn.i', 'latn.n', 'latn.p')",49.0
latin,cambria,"('latn.i', 'latn.n', 'latn.q')",41.0
latin,cambria,"('latn.i', 'latn.n', 'latn.z')",43.0
latin,cambria,"('latn.i', 'latn.p', 'latn.q')",72.0
latin,cambria,"('latn.i', 'latn.p', 'latn.z')",35.0
latin,cambria,"('latn.i', 'latn.q', 'latn.z')",35.0
latin,cambria,"('latn.m', 'latn.n', 'latn.p')",73.0
latin,cambria,"('latn.m', 'latn.n', 'latn.q')",70.0
latin,cambria,"('latn.m', 'latn.n', 'latn.z')",71.0
latin,cambria,"('latn.m', 'latn.p', 'latn.q')",69.0
latin,cambria,"('latn.m', 'latn.p', 'latn.z')",49.0
latin,cambria,"('latn.m', 'latn.q', 'latn.z')",44.0
latin,cambria,"('latn.n', 'latn.p', 'latn.q')",68.0
latin,cambria,"('latn.n', 'latn.p', 'latn.z')",51.0
latin,cambria,"('latn.n', 'latn.q', 'latn.z')",50.0
latin,cambria,"('latn.p', 'latn.q', 'latn.z')",71.0
latin,candara,"('latn.b', 'latn.d', 'latn.i')",60.0
latin,candara,"('latn.b', 'latn.d', 'latn.j')",60.0
latin,candara,"('latn.b', 'latn.d', 'latn.k')",57.0
latin,candara,"('latn.b', 'latn.d', 'latn.l')",58.0
latin,candara,"('latn.b', 'latn.d', 'latn.v')",60.0
latin,candara,"('latn.b', 'latn.d', 'latn.y')",59.0
latin,candara,"('latn.b', 'latn.i', 'latn.j')",60.0
latin,candara,"('latn.b', 'latn.i', 'latn.k')",49.0
latin,candara,"('latn.b', 'latn.i', 'latn.l')",49.0
latin,candara,"('latn.b', 'latn.i', 'latn.v')",24.0
latin,candara,"('latn.b', 'latn.i', 'latn.y')",27.0
latin,candara,"('latn.b', 'latn.j', 'latn.k')",46.0
latin,candara,"('latn.b', 'latn.j', 'latn.l')",46.0
latin,candara,"('latn.b', 'latn.j', 'latn.v')",22.0
latin,candara,"('latn.b', 'latn.j', 'latn.y')",39.0
latin,candara,"('latn.b', 'latn.k', 'latn.l')",43.0
latin,candara,"('latn.b', 'latn.k', 'latn.v')",37.0
latin,candara,"('latn.b', 'latn.k', 'latn.y')",34.0
latin,candara,"('latn.b', 'latn.l', 'latn.v')",31.0
latin,candara,"('latn.b', 'latn.l', 'latn.y')",33.0
latin,candara,"('latn.b', 'latn.v', 'latn.y')",54.0
latin,candara,"('latn.d', 'latn.i', 'latn.j')",59.0
latin,candara,"('latn.d', 'latn.i', 'latn.k')",44.0
latin,candara,"('latn.d', 'latn.i', 'latn.l')",48.0
latin,candara,"('latn.d', 'latn.i', 'latn.v')",22.0
latin,candara,"('latn.d', 'latn.i', 'latn.y')",29.0
latin,candara,"('latn.d', 'latn.j', 'latn.k')",45.0
latin,candara,"('latn.d', 'latn.j', 'latn.l')",50.0
latin,candara,"('latn.d', 'latn.j', 'latn.v')",23.0
latin,candara,"('latn.d', 'latn.j', 'latn.y')",30.0
latin,candara,"('latn.d', 'latn.k', 'latn.l')",38.0
latin,candara,"('latn.d', 'latn.k', 'latn.v')",33.0
latin,candara,"('latn.d', 'latn.k', 'latn.y')",34.0
latin,candara,"('latn.d', 'latn.l', 'latn.v')",29.0
latin,candara,"('latn.d', 'latn.l', 'latn.y')",32.0
latin,candara,"('latn.d', 'latn.v', 'latn.y')",55.0
latin,candara,"('latn.i', 'latn.j', 'latn.k')",56.0
latin,candara,"('latn.i', 'latn.j', 'latn.l')",47.0
latin,candara,"('latn.i', 'latn.j', 'latn.v')",58.0
latin,candara,"('latn.i', 'latn.j', 'latn.y')",55.0
latin,candara,"('latn.i', 'latn.k', 'latn.l')",48.0
latin,candara,"('latn.i', 'latn.k', 'latn.v')",44.0
latin,candara,"('latn.i', 'latn.k', 'latn.y')",39.0
latin,candara,"('latn.i', 'latn.l', 'latn.v')",57.0
latin,candara,"('latn.i', 'latn.l', 'latn.y')",57.0
latin,candara,"('latn.i', 'latn.v', 'latn.y')",53.0
latin,candara,"('latn.j', 'latn.k', 'latn.l')",42.0
latin,candara,"('latn.j', 'latn.k', 'latn.v')",44.0
latin,candara,"('latn.j', 'latn.k', 'latn.y')",31.0
latin,candara,"('latn.j', 'latn.l', 'latn.v')",50.0
latin,candara,"('latn.j', 'latn.l', 'latn.y')",44.0
latin,candara,"('latn.j', 'latn.v', 'latn.y')",49.0
latin,candara,"('latn.k', 'latn.l', 'latn.v')",32.0
latin,candara,"('latn.k', 'latn.l', 'latn.y')",33.0
latin,candara,"('latn.k', 'latn.v', 'latn.y')",53.0
latin,candara,"('latn.l', 'latn.v', 'latn.y')",55.0
latin,century-schoolbook,"('latn.d', 'latn.i', 'latn.j')",53.0
latin,century-schoolbook,"('latn.d', 'latn.i', 'latn.o')",49.0
latin,century-schoolbook,"('latn.d', 'latn.i', 'latn.p')",56.0
latin,century-schoolbook,"('latn.d', 'latn.i', 'latn.r')",33.0
latin,century-schoolbook,"('latn.d', 'latn.i', 'latn.v')",25.0
latin,century-schoolbook,"('latn.d', 'latn.i', 'latn.x')",36.0
latin,century-schoolbook,"('latn.d', 'latn.j', 'latn.o')",51.0
latin,century-schoolbook,"('latn.d', 'latn.j', 'latn.p')",56.0
latin,century-schoolbook,"('latn.d', 'latn.j', 'latn.r')",31.0
latin,century-schoolbook,"('latn.d', 'latn.j', 'latn.v')",41.0
latin,century-schoolbook,"('latn.d', 'latn.j', 'latn.x')",44.0
latin,century-schoolbook,"('latn.d', 'latn.o', 'latn.p')",54.0
latin,century-schoolbook,"('latn.d', 'latn.o', 'latn.r')",49.0
latin,century-schoolbook,"('latn.d', 'latn.o', 'latn.v')",47.0
latin,century-schoolbook,"('latn.d', 'latn.o', 'latn.x')",54.0
latin,century-schoolbook,"('latn.d', 'latn.p', 'latn.r')",54.0
latin,century-schoolbook,"('latn.d', 'latn.p', 'latn.v')",53.0
latin,century-schoolbook,"('latn.d', 'latn.p', 'latn.x')",59.0
latin,century-schoolbook,"('latn.d', 'latn.r', 'latn.v')",30.0
latin,century-schoolbook,"('latn.d', 'latn.r', 'latn.x')",39.0
latin,century-schoolbook,"('latn.d', 'latn.v', 'latn.x')",48.0
latin,century-schoolbook,"('latn.i', 'latn.j', 'latn.o')",52.0
latin,century-schoolbook,"('latn.i', 'latn.j', 'latn.p')",49.0
latin,century-schoolbook,"('latn.i', 'latn.j', 'latn.r')",47.0
latin,century-schoolbook,"('latn.i', 'latn.j', 'latn.v')",54.0
latin,century-schoolbook,"('latn.i', 'latn.j', 'latn.x')",55.0
latin,century-schoolbook,"('latn.i', 'latn.o', 'latn.p')",46.0
latin,century-schoolbook,"('latn.i', 'latn.o', 'latn.r')",40.0
latin,century-schoolbook,"('latn.i', 'latn.o', 'latn.v')",26.0
latin,century-schoolbook,"('latn.i', 'latn.o', 'latn.x')",27.0
latin,century-schoolbook,"('latn.i', 'latn.p', 'latn.r')",28.0
latin,century-schoolbook,"('latn.i', 'latn.p', 'latn.v')",29.0
latin,century-schoolbook,"('latn.i', 'latn.p', 'latn.x')",32.0
latin,century-schoolbook,"('latn.i', 'latn.r', 'latn.v')",31.0
latin,century-schoolbook,"('latn.i', 'latn.r', 'latn.x')",45.0
latin,century-schoolbook,"('latn.i', 'latn.v', 'latn.x')",52.0
latin,century-schoolbook,"('latn.j', 'latn.o', 'latn.p')",46.0
latin,century-schoolbook,"('latn.j', 'latn.o', 'latn.r')",32.0
latin,century-schoolbook,"('latn.j', 'latn.o', 'latn.v')",23.0
latin,century-schoolbook,"('latn.j', 'latn.o', 'latn.x')",23.0
latin,century-schoolbook,"('latn.j', 'latn.p', 'latn.r')",34.0
latin,century-schoolbook,"('latn.j', 'latn.p', 'latn.v')",37.0
latin,century-schoolbook,"('latn.j', 'latn.p', 'latn.x')",45.0
latin,century-schoolbook,"('latn.j', 'latn.r', 'latn.v')",33.0
latin,century-schoolbook,"('latn.j', 'latn.r', 'latn.x')",35.0
latin,century-schoolbook,"('latn.j', 'latn.v', 'latn.x')",55.0
latin,century-schoolbook,"('latn.o', 'latn.p', 'latn.r')",42.0
latin,century-schoolbook,"('latn.o', 'latn.p', 'latn.v')",53.0
latin,century-schoolbook,"('latn.o', 'latn.p', 'latn.x')",52.0
latin,century-schoolbook,"('latn.o', 'latn.r', 'latn.v')",32.0
latin,century-schoolbook,"('latn.o', 'latn.r', 'latn.x')",31.0
latin,century-schoolbook,"('latn.o', 'latn.v', 'latn.x')",47.0
latin,century-schoolbook,"('latn.p', 'latn.r', 'latn.v')",34.0
latin,century-schoolbook,"('latn.p', 'latn.r', 'latn.x')",39.0
latin,century-schoolbook,"('latn.p', 'latn.v', 'latn.x')",50.0
latin,century-schoolbook,"('latn.r', 'latn.v', 'latn.x')",47.0
latin,courier-new,"('latn.c', 'latn.e', 'latn.f')",81.0
latin,courier-new,"('latn.c', 'latn.e', 'latn.h')",77.0
latin,courier-new,"('latn.c', 'latn.e', 'latn.k')",80.0
latin,courier-new,"('latn.c', 'latn.e', 'latn.o')",42.0
latin,courier-new,"('latn.c', 'latn.e', 'latn.w')",77.0
latin,courier-new,"('latn.c', 'latn.e', 'latn.y')",78.0
latin,courier-new,"('latn.c', 'latn.f', 'latn.h')",65.0
latin,courier-new,"('latn.c', 'latn.f', 'latn.k')",70.0
latin,courier-new,"('latn.c', 'latn.f', 'latn.o')",80.0
latin,courier-new,"('latn.c', 'latn.f', 'latn.w')",43.0
latin,courier-new,"('latn.c', 'latn.f', 'latn.y')",62.0
latin,courier-new,"('latn.c', 'latn.h', 'latn.k')",71.0
latin,courier-new,"('latn.c', 'latn.h', 'latn.o')",74.0
latin,courier-new,"('latn.c', 'latn.h', 'latn.w')",34.0
latin,courier-new,"('latn.c', 'latn.h', 'latn.y')",56.0
latin,courier-new,"('latn.c', 'latn.k', 'latn.o')",78.0
latin,courier-new,"('latn.c', 'latn.k', 'latn.w')",56.0
latin,courier-new,"('latn.c', 'latn.k', 'latn.y')",66.0
latin,courier-new,"('latn.c', 'latn.o', 'latn.w')",78.0
latin,courier-new,"('latn.c', 'latn.o', 'latn.y')",78.0
latin,courier-new,"('latn.c', 'latn.w', 'latn.y')",56.0
latin,courier-new,"('latn.e', 'latn.f', 'latn.h')",75.0
latin,courier-new,"('latn.e', 'latn.f', 'latn.k')",63.0
latin,courier-new,"('latn.e', 'latn.f', 'latn.o')",81.0
latin,courier-new,"('latn.e', 'latn.f', 'latn.w')",37.0
latin,courier-new,"('latn.e', 'latn.f', 'latn.y')",59.0
latin,courier-new,"('latn.e', 'latn.h', 'latn.k')",77.0
latin,courier-new,"('latn.e', 'latn.h', 'latn.o')",79.0
latin,courier-new,"('latn.e', 'latn.h', 'latn.w')",35.0
latin,courier-new,"('latn.e', 'latn.h', 'latn.y')",63.0
latin,courier-new,"('latn.e', 'latn.k', 'latn.o')",80.0
latin,courier-new,"('latn.e', 'latn.k', 'latn.w')",64.0
latin,courier-new,"('latn.e', 'latn.k', 'latn.y')",69.0
latin,courier-new,"('latn.e', 'latn.o', 'latn.w')",81.0
latin,courier-new,"('latn.e', 'latn.o', 'latn.y')",80.0
latin,courier-new,"('latn.e', 'latn.w', 'latn.y')",60.0
latin,courier-new,"('latn.f', 'latn.h', 'latn.k')",44.0
latin,courier-new,"('latn.f', 'latn.h', 'latn.o')",71.0
latin,courier-new,"('latn.f', 'latn.h', 'latn.w')",72.0
latin,courier-new,"('latn.f', 'latn.h', 'latn.y')",57.0
latin,courier-new,"('latn.f', 'latn.k', 'latn.o')",72.0
latin,courier-new,"('latn.f', 'latn.k', 'latn.w')",45.0
latin,courier-new,"('latn.f', 'latn.k', 'latn.y')",38.0
latin,courier-new,"('latn.f', 'latn.o', 'latn.w')",45.0
latin,courier-new,"('latn.f', 'latn.o', 'latn.y')",68.0
latin,courier-new,"('latn.f', 'latn.w', 'latn.y')",56.0
latin,courier-new,"('latn.h', 'latn.k', 'latn.o')",75.0
latin,courier-new,"('latn.h', 'latn.k', 'latn.w')",54.0
latin,courier-new,"('latn.h', 'latn.k', 'latn.y')",51.0
latin,courier-new,"('latn.h', 'latn.o', 'latn.w')",39.0
latin,courier-new,"('latn.h', 'latn.o', 'latn.y')",63.0
latin,courier-new,"('latn.h', 'latn.w', 'latn.y')",38.0
latin,courier-new,"('latn.k', 'latn.o', 'latn.w')",65.0
latin,courier-new,"('latn.k', 'latn.o', 'latn.y')",71.0
latin,courier-new,"('latn.k', 'latn.w', 'latn.y')",34.0
latin,courier-new,"('latn.o', 'latn.w', 'latn.y')",59.0
latin,futura,"('latn.g', 'latn.h', 'latn.m')",53.0
latin,futura,"('latn.g', 'latn.h', 'latn.n')",58.0
latin,futura,"('latn.g', 'latn.h', 'latn.q')",61.0
latin,futura,"('latn.g', 'latn.h', 'latn.r')",44.0
latin,futura,"('latn.g', 'latn.h', 'latn.y')",30.0
latin,futura,"('latn.g', 'latn.h', 'latn.z')",54.0
latin,futura,"('latn.g', 'latn.m', 'latn.n')",65.0
latin,futura,"('latn.g', 'latn.m', 'latn.q')",64.0
latin,futura,"('latn.g', 'latn.m', 'latn.r')",61.0
latin,futura,"('latn.g', 'latn.m', 'latn.y')",38.0
latin,futura,"('latn.g', 'latn.m', 'latn.z')",43.0
latin,futura,"('latn.g', 'latn.n', 'latn.q')",67.0
latin,futura,"('latn.g', 'latn.n', 'latn.r')",63.0
latin,futura,"('latn.g', 'latn.n', 'latn.y')",38.0
latin,futura,"('latn.g', 'latn.n', 'latn.z')",35.0
latin,futura,"('latn.g', 'latn.q', 'latn.r')",63.0
latin,futura,"('latn.g', 'latn.q', 'latn.y')",60.0
latin,futura,"('latn.g', 'latn.q', 'latn.z')",65.0
latin,futura,"('latn.g', 'latn.r', 'latn.y')",34.0
latin,futura,"('latn.g', 'latn.r', 'latn.z')",37.0
latin,futura,"('latn.g', 'latn.y', 'latn.z')",34.0
latin,futura,"('latn.h', 'latn.m', 'latn.n')",46.0
latin,futura,"('latn.h', 'latn.m', 'latn.q')",40.0
latin,futura,"('latn.h', 'latn.m', 'latn.r')",29.0
latin,futura,"('latn.h', 'latn.m', 'latn.y')",58.0
latin,futura,"('latn.h', 'latn.m', 'latn.z')",52.0
latin,futura,"('latn.h', 'latn.n', 'latn.q')",52.0
latin,futura,"('latn.h', 'latn.n', 'latn.r')",37.0
latin,futura,"('latn.h', 'latn.n', 'latn.y')",56.0
latin,futura,"('latn.h', 'latn.n', 'latn.z')",56.0
latin,futura,"('latn.h', 'latn.q', 'latn.r')",39.0
latin,futura,"('latn.h', 'latn.q', 'latn.y')",33.0
latin,futura,"('latn.h', 'latn.q', 'latn.z')",56.0
latin,futura,"('latn.h', 'latn.r', 'latn.y')",52.0
latin,futura,"('latn.h', 'latn.r', 'latn.z')",55.0
latin,futura,"('latn.h', 'latn.y', 'latn.z')",34.0
latin,futura,"('latn.m', 'latn.n', 'latn.q')",67.0
latin,futura,"('latn.m', 'latn.n', 'latn.r')",53.0
latin,futura,"('latn.m', 'latn.n', 'latn.y')",66.0
latin,futura,"('latn.m', 'latn.n', 'latn.z')",67.0
latin,futura,"('latn.m', 'latn.q', 'latn.r')",60.0
latin,futura,"('latn.m', 'latn.q', 'latn.y')",37.0
latin,futura,"('latn.m', 'latn.q', 'latn.z')",38.0
latin,futura,"('latn.m', 'latn.r', 'latn.y')",62.0
latin,futura,"('latn.m', 'latn.r', 'latn.z')",63.0
latin,futura,"('latn.m', 'latn.y', 'latn.z')",35.0
latin,futura,"('latn.n', 'latn.q', 'latn.r')",63.0
latin,futura,"('latn.n', 'latn.q', 'latn.y')",38.0
latin,futura,"('latn.n', 'latn.q', 'latn.z')",40.0
latin,futura,"('latn.n', 'latn.r', 'latn.y')",66.0
latin,futura,"('latn.n', 'latn.r', 'latn.z')",62.0
latin,futura,"('latn.n', 'latn.y', 'latn.z')",31.0
latin,futura,"('latn.q', 'latn.r', 'latn.y')",37.0
latin,futura,"('latn.q', 'latn.r', 'latn.z')",36.0
latin,futura,"('latn.q', 'latn.y', 'latn.z')",39.0
latin,futura,"('latn.r', 'latn.y', 'latn.z')",34.0
latin,georgia,"('latn.b', 'latn.d', 'latn.i')",64.0
latin,georgia,"('latn.b', 'latn.d', 'latn.j')",64.0
latin,georgia,"('latn.b', 'latn.d', 'latn.k')",60.0
latin,georgia,"('latn.b', 'latn.d', 'latn.l')",61.0
latin,georgia,"('latn.b', 'latn.d', 'latn.v')",63.0
latin,georgia,"('latn.b', 'latn.d', 'latn.y')",64.0
latin,georgia,"('latn.b', 'latn.i', 'latn.j')",59.0
latin,georgia,"('latn.b', 'latn.i', 'latn.k')",51.0
latin,georgia,"('latn.b', 'latn.i', 'latn.l')",33.0
latin,georgia,"('latn.b', 'latn.i', 'latn.v')",27.0
latin,georgia,"('latn.b', 'latn.i', 'latn.y')",24.0
latin,georgia,"('latn.b', 'latn.j', 'latn.k')",52.0
latin,georgia,"('latn.b', 'latn.j', 'latn.l')",36.0
latin,georgia,"('latn.b', 'latn.j', 'latn.v')",35.0
latin,georgia,"('latn.b', 'latn.j', 'latn.y')",51.0
latin,georgia,"('latn.b', 'latn.k', 'latn.l')",38.0
latin,georgia,"('latn.b', 'latn.k', 'latn.v')",42.0
latin,georgia,"('latn.b', 'latn.k', 'latn.y')",46.0
latin,georgia,"('latn.b', 'latn.l', 'latn.v')",51.0
latin,georgia,"('latn.b', 'latn.l', 'latn.y')",53.0
latin,georgia,"('latn.b', 'latn.v', 'latn.y')",54.0
latin,georgia,"('latn.d', 'latn.i', 'latn.j')",54.0
latin,georgia,"('latn.d', 'latn.i', 'latn.k')",48.0
latin,georgia,"('latn.d', 'latn.i', 'latn.l')",35.0
latin,georgia,"('latn.d', 'latn.i', 'latn.v')",24.0
latin,georgia,"('latn.d', 'latn.i', 'latn.y')",38.0
latin,georgia,"('latn.d', 'latn.j', 'latn.k')",53.0
latin,georgia,"('latn.d', 'latn.j', 'latn.l')",42.0
latin,georgia,"('latn.d', 'latn.j', 'latn.v')",36.0
latin,georgia,"('latn.d', 'latn.j', 'latn.y')",52.0
latin,georgia,"('latn.d', 'latn.k', 'latn.l')",38.0
latin,georgia,"('latn.d', 'latn.k', 'latn.v')",43.0
latin,georgia,"('latn.d', 'latn.k', 'latn.y')",40.0
latin,georgia,"('latn.d', 'latn.l', 'latn.v')",51.0
latin,georgia,"('latn.d', 'latn.l', 'latn.y')",50.0
latin,georgia,"('latn.d', 'latn.v', 'latn.y')",55.0
latin,georgia,"('latn.i', 'latn.j', 'latn.k')",56.0
latin,georgia,"('latn.i', 'latn.j', 'latn.l')",40.0
latin,georgia,"('latn.i', 'latn.j', 'latn.v')",55.0
latin,georgia,"('latn.i', 'latn.j', 'latn.y')",53.0
latin,georgia,"('latn.i', 'latn.k', 'latn.l')",39.0
latin,georgia,"('latn.i', 'latn.k', 'latn.v')",42.0
latin,georgia,"('latn.i', 'latn.k', 'latn.y')",45.0
latin,georgia,"('latn.i', 'latn.l', 'latn.v')",50.0
latin,georgia,"('latn.i', 'latn.l', 'latn.y')",59.0
latin,georgia,"('latn.i', 'latn.v', 'latn.y')",57.0
latin,georgia,"('latn.j', 'latn.k', 'latn.l')",40.0
latin,georgia,"('latn.j', 'latn.k', 'latn.v')",44.0
latin,georgia,"('latn.j', 'latn.k', 'latn.y')",40.0
latin,georgia,"('latn.j', 'latn.l', 'latn.v')",48.0
latin,georgia,"('latn.j', 'latn.l', 'latn.y')",38.0
latin,georgia,"('latn.j', 'latn.v', 'latn.y')",49.0
latin,georgia,"('latn.k', 'latn.l', 'latn.v')",38.0
latin,georgia,"('latn.k', 'latn.l', 'latn.y')",43.0
latin,georgia,"('latn.k', 'latn.v', 'latn.y')",53.0
latin,georgia,"('latn.l', 'latn.v', 'latn.y')",59.0
latin,pt-sans,"('latn.b', 'latn.f', 'latn.i')",33.0
latin,pt-sans,"('latn.b', 'latn.f', 'latn.n')",41.0
latin,pt-sans,"('latn.b', 'latn.f', 'latn.p')",59.0
latin,pt-sans,"('latn.b', 'latn.f', 'latn.q')",62.0
latin,pt-sans,"('latn.b', 'latn.f', 'latn.w')",51.0
latin,pt-sans,"('latn.b', 'latn.f', 'latn.z')",49.0
latin,pt-sans,"('latn.b', 'latn.i', 'latn.n')",53.0
latin,pt-sans,"('latn.b', 'latn.i', 'latn.p')",60.0
latin,pt-sans,"('latn.b', 'latn.i', 'latn.q')",60.0
latin,pt-sans,"('latn.b', 'latn.i', 'latn.w')",40.0
latin,pt-sans,"('latn.b', 'latn.i', 'latn.z')",29.0
latin,pt-sans,"('latn.b', 'latn.n', 'latn.p')",57.0
latin,pt-sans,"('latn.b', 'latn.n', 'latn.q')",56.0
latin,pt-sans,"('latn.b', 'latn.n', 'latn.w')",54.0
latin,pt-sans,"('latn.b', 'latn.n', 'latn.z')",48.0
latin,pt-sans,"('latn.b', 'latn.p', 'latn.q')",33.0
latin,pt-sans,"('latn.b', 'latn.p', 'latn.w')",60.0
latin,pt-sans,"('latn.b', 'latn.p', 'latn.z')",61.0
latin,pt-sans,"('latn.b', 'latn.q', 'latn.w')",61.0
latin,pt-sans,"('latn.b', 'latn.q', 'latn.z')",62.0
latin,pt-sans,"('latn.b', 'latn.w', 'latn.z')",43.0
latin,pt-sans,"('latn.f', 'latn.i', 'latn.n')",28.0
latin,pt-sans,"('latn.f', 'latn.i', 'latn.p')",28.0
latin,pt-sans,"('latn.f', 'latn.i', 'latn.q')",31.0
latin,pt-sans,"('latn.f', 'latn.i', 'latn.w')",43.0
latin,pt-sans,"('latn.f', 'latn.i', 'latn.z')",40.0
latin,pt-sans,"('latn.f', 'latn.n', 'latn.p')",50.0
latin,pt-sans,"('latn.f', 'latn.n', 'latn.q')",41.0
latin,pt-sans,"('latn.f', 'latn.n', 'latn.w')",46.0
latin,pt-sans,"('latn.f', 'latn.n', 'latn.z')",40.0
latin,pt-sans,"('latn.f', 'latn.p', 'latn.q')",59.0
latin,pt-sans,"('latn.f', 'latn.p', 'latn.w')",50.0
latin,pt-sans,"('latn.f', 'latn.p', 'latn.z')",41.0
latin,pt-sans,"('latn.f', 'latn.q', 'latn.w')",51.0
latin,pt-sans,"('latn.f', 'latn.q', 'latn.z')",39.0
latin,pt-sans,"('latn.f', 'latn.w', 'latn.z')",53.0
latin,pt-sans,"('latn.i', 'latn.n', 'latn.p')",54.0
latin,pt-sans,"('latn.i', 'latn.n', 'latn.q')",51.0
latin,pt-sans,"('latn.i', 'latn.n', 'latn.w')",34.0
latin,pt-sans,"('latn.i', 'latn.n', 'latn.z')",30.0
latin,pt-sans,"('latn.i', 'latn.p', 'latn.q')",60.0
latin,pt-sans,"('latn.i', 'latn.p', 'latn.w')",30.0
latin,pt-sans,"('latn.i', 'latn.p', 'latn.z')",29.0
latin,pt-sans,"('latn.i', 'latn.q', 'latn.w')",28.0
latin,pt-sans,"('latn.i', 'latn.q', 'latn.z')",23.0
latin,pt-sans,"('latn.i', 'latn.w', 'latn.z')",55.0
latin,pt-sans,"('latn.n', 'latn.p', 'latn.q')",58.0
latin,pt-sans,"('latn.n', 'latn.p', 'latn.w')",50.0
latin,pt-sans,"('latn.n', 'latn.p', 'latn.z')",52.0
latin,pt-sans,"('latn.n', 'latn.q', 'latn.w')",48.0
latin,pt-sans,"('latn.n', 'latn.q', 'latn.z')",44.0
latin,pt-sans,"('latn.n', 'latn.w', 'latn.z')",40.0
latin,pt-sans,"('latn.p', 'latn.q', 'latn.w')",60.0
latin,pt-sans,"('latn.p', 'latn.q', 'latn.z')",61.0
latin,pt-sans,"('latn.p', 'latn.w', 'latn.z')",49.0
latin,pt-sans,"('latn.q', 'latn.w', 'latn.z')",52.0
latin,pt-serif,"('latn.g', 'latn.h', 'latn.m')",56.0
latin,pt-serif,"('latn.g', 'latn.h', 'latn.n')",56.0
latin,pt-serif,"('latn.g', 'latn.h', 'latn.q')",37.0
latin,pt-serif,"('latn.g', 'latn.h', 'latn.r')",49.0
latin,pt-serif,"('latn.g', 'latn.h', 'latn.y')",29.0
latin,pt-serif,"('latn.g', 'latn.h', 'latn.z')",31.0
latin,pt-serif,"('latn.g', 'latn.m', 'latn.n')",62.0
latin,pt-serif,"('latn.g', 'latn.m', 'latn.q')",36.0
latin,pt-serif,"('latn.g', 'latn.m', 'latn.r')",50.0
latin,pt-serif,"('latn.g', 'latn.m', 'latn.y')",28.0
latin,pt-serif,"('latn.g', 'latn.m', 'latn.z')",32.0
latin,pt-serif,"('latn.g', 'latn.n', 'latn.q')",33.0
latin,pt-serif,"('latn.g', 'latn.n', 'latn.r')",55.0
latin,pt-serif,"('latn.g', 'latn.n', 'latn.y')",30.0
latin,pt-serif,"('latn.g', 'latn.n', 'latn.z')",39.0
latin,pt-serif,"('latn.g', 'latn.q', 'latn.r')",34.0
latin,pt-serif,"('latn.g', 'latn.q', 'latn.y')",32.0
latin,pt-serif,"('latn.g', 'latn.q', 'latn.z')",47.0
latin,pt-serif,"('latn.g', 'latn.r', 'latn.y')",28.0
latin,pt-serif,"('latn.g', 'latn.r', 'latn.z')",44.0
latin,pt-serif,"('latn.g', 'latn.y', 'latn.z')",37.0
latin,pt-serif,"('latn.h', 'latn.m', 'latn.n')",46.0
latin,pt-serif,"('latn.h', 'latn.m', 'latn.q')",54.0
latin,pt-serif,"('latn.h', 'latn.m', 'latn.r')",44.0
latin,pt-serif,"('latn.h', 'latn.m', 'latn.y')",56.0
latin,pt-serif,"('latn.h', 'latn.m', 'latn.z')",53.0
latin,pt-serif,"('latn.h', 'latn.n', 'latn.q')",54.0
latin,pt-serif,"('latn.h', 'latn.n', 'latn.r')",46.0
latin,pt-serif,"('latn.h', 'latn.n', 'latn.y')",57.0
latin,pt-serif,"('latn.h', 'latn.n', 'latn.z')",56.0
latin,pt-serif,"('latn.h', 'latn.q', 'latn.r')",41.0
latin,pt-serif,"('latn.h', 'latn.q', 'latn.y')",29.0
latin,pt-serif,"('latn.h', 'latn.q', 'latn.z')",50.0
latin,pt-serif,"('latn.h', 'latn.r', 'latn.y')",41.0
latin,pt-serif,"('latn.h', 'latn.r', 'latn.z')",38.0
latin,pt-serif,"('latn.h', 'latn.y', 'latn.z')",27.0
latin,pt-serif,"('latn.m', 'latn.n', 'latn.q')",62.0
latin,pt-serif,"('latn.m', 'latn.n', 'latn.r')",58.0
latin,pt-serif,"('latn.m', 'latn.n', 'latn.y')",61.0
latin,pt-serif,"('latn.m', 'latn.n', 'latn.z')",61.0
latin,pt-serif,"('latn.m', 'latn.q', 'latn.r')",48.0
latin,pt-serif,"('latn.m', 'latn.q', 'latn.y')",34.0
latin,pt-serif,"('latn.m', 'latn.q', 'latn.z')",40.0
latin,pt-serif,"('latn.m', 'latn.r', 'latn.y')",56.0
latin,pt-serif,"('latn.m', 'latn.r', 'latn.z')",50.0
latin,pt-serif,"('latn.m', 'latn.y', 'latn.z')",34.0
latin,pt-serif,"('latn.n', 'latn.q', 'latn.r')",47.0
latin,pt-serif,"('latn.n', 'latn.q', 'latn.y')",30.0
latin,pt-serif,"('latn.n', 'latn.q', 'latn.z')",40.0
latin,pt-serif,"('latn.n', 'latn.r', 'latn.y')",49.0
latin,pt-serif,"('latn.n', 'latn.r', 'latn.z')",54.0
latin,pt-serif,"('latn.n', 'latn.y', 'latn.z')",26.0
latin,pt-serif,"('latn.q', 'latn.r', 'latn.y')",27.0
latin,pt-serif,"('latn.q', 'latn.r', 'latn.z')",35.0
latin,pt-serif,"('latn.q', 'latn.y', 'latn.z')",32.0
latin,pt-serif,"('latn.r', 'latn.y', 'latn.z')",24.0
latin,times-new-roman,"('latn.a', 'latn.c', 'latn.f')",52.0
latin,times-new-roman,"('latn.a', 'latn.c', 'latn.l')",54.0
latin,times-new-roman,"('latn.a', 'latn.c', 'latn.m')",38.0
latin,times-new-roman,"('latn.a', 'latn.c', 'latn.n')",22.0
latin,times-new-roman,"('latn.a', 'latn.c', 'latn.t')",44.0
latin,times-new-roman,"('latn.a', 'latn.c', 'latn.u')",23.0
latin,times-new-roman,"('latn.a', 'latn.f', 'latn.l')",47.0
latin,times-new-roman,"('latn.a', 'latn.f', 'latn.m')",28.0
latin,times-new-roman,"('latn.a', 'latn.f', 'latn.n')",39.0
latin,times-new-roman,"('latn.a', 'latn.f', 'latn.t')",43.0
latin,times-new-roman,"('latn.a', 'latn.f', 'latn.u')",49.0
latin,times-new-roman,"('latn.a', 'latn.l', 'latn.m')",35.0
latin,times-new-roman,"('latn.a', 'latn.l', 'latn.n')",35.0
latin,times-new-roman,"('latn.a', 'latn.l', 'latn.t')",47.0
latin,times-new-roman,"('latn.a', 'latn.l', 'latn.u')",44.0
latin,times-new-roman,"('latn.a', 'latn.m', 'latn.n')",59.0
latin,times-new-roman,"('latn.a', 'latn.m', 'latn.t')",32.0
latin,times-new-roman,"('latn.a', 'latn.m', 'latn.u')",46.0
latin,times-new-roman,"('latn.a', 'latn.n', 'latn.t')",36.0
latin,times-new-roman,"('latn.a', 'latn.n', 'latn.u')",57.0
latin,times-new-roman,"('latn.a', 'latn.t', 'latn.u')",39.0
latin,times-new-roman,"('latn.c', 'latn.f', 'latn.l')",45.0
latin,times-new-roman,"('latn.c', 'latn.f', 'latn.m')",23.0
latin,times-new-roman,"('latn.c', 'latn.f', 'latn.n')",38.0
latin,times-new-roman,"('latn.c', 'latn.f', 'latn.t')",40.0
latin,times-new-roman,"('latn.c', 'latn.f', 'latn.u')",43.0
latin,times-new-roman,"('latn.c', 'latn.l', 'latn.m')",28.0
latin,times-new-roman,"('latn.c', 'latn.l', 'latn.n')",33.0
latin,times-new-roman,"('latn.c', 'latn.l', 'latn.t')",47.0
latin,times-new-roman,"('latn.c', 'latn.l', 'latn.u')",39.0
latin,times-new-roman,"('latn.c', 'latn.m', 'latn.n')",58.0
latin,times-new-roman,"('latn.c', 'latn.m', 'latn.t')",24.0
latin,times-new-roman,"('latn.c', 'latn.m', 'latn.u')",52.0
latin,times-new-roman,"('latn.c', 'latn.n', 'latn.t')",24.0
latin,times-new-roman,"('latn.c', 'latn.n', 'latn.u')",56.0
latin,times-new-roman,"('latn.c', 'latn.t', 'latn.u')",34.0
latin,times-new-roman,"('latn.f', 'latn.l', 'latn.m')",39.0
latin,times-new-roman,"('latn.f', 'latn.l', 'latn.n')",38.0
latin,times-new-roman,"('latn.f', 'latn.l', 'latn.t')",29.0
latin,times-new-roman,"('latn.f', 'latn.l', 'latn.u')",40.0
latin,times-new-roman,"('latn.f', 'latn.m', 'latn.n')",61.0
latin,times-new-roman,"('latn.f', 'latn.m', 'latn.t')",44.0
latin,times-new-roman,"('latn.f', 'latn.m', 'latn.u')",56.0
latin,times-new-roman,"('latn.f', 'latn.n', 'latn.t')",38.0
latin,times-new-roman,"('latn.f', 'latn.n', 'latn.u')",58.0
latin,times-new-roman,"('latn.f', 'latn.t', 'latn.u')",40.0
latin,times-new-roman,"('latn.l', 'latn.m', 'latn.n')",59.0
latin,times-new-roman,"('latn.l', 'latn.m', 'latn.t')",42.0
latin,times-new-roman,"('latn.l', 'latn.m', 'latn.u')",50.0
latin,times-new-roman,"('latn.l', 'latn.n', 'latn.t')",39.0
latin,times-new-roman,"('latn.l', 'latn.n', 'latn.u')",55.0
latin,times-new-roman,"('latn.l', 'latn.t', 'latn.u')",39.0
latin,times-new-roman,"('latn.m', 'latn.n', 'latn.t')",59.0
latin,times-new-roman,"('latn.m', 'latn.n', 'latn.u')",38.0
latin,times-new-roman,"('latn.m', 'latn.t', 'latn.u')",58.0
latin,times-new-roman,"('latn.n', 'latn.t', 'latn.u')",58.0
latin,verdana,"('latn.d', 'latn.g', 'latn.h')",31.0
latin,verdana,"('latn.d', 'latn.g', 'latn.o')",47.0
latin,verdana,"('latn.d', 'latn.g', 'latn.s')",54.0
latin,verdana,"('latn.d', 'latn.g', 'latn.u')",48.0
latin,verdana,"('latn.d', 'latn.g', 'latn.w')",60.0
latin,verdana,"('latn.d', 'latn.g', 'latn.x')",60.0
latin,verdana,"('latn.d', 'latn.h', 'latn.o')",42.0
latin,verdana,"('latn.d', 'latn.h', 'latn.s')",56.0
latin,verdana,"('latn.d', 'latn.h', 'latn.u')",35.0
latin,verdana,"('latn.d', 'latn.h', 'latn.w')",60.0
latin,verdana,"('latn.d', 'latn.h', 'latn.x')",61.0
latin,verdana,"('latn.d', 'latn.o', 'latn.s')",42.0
latin,verdana,"('latn.d', 'latn.o', 'latn.u')",24.0
latin,verdana,"('latn.d', 'latn.o', 'latn.w')",53.0
latin,verdana,"('latn.d', 'latn.o', 'latn.x')",54.0
latin,verdana,"('latn.d', 'latn.s', 'latn.u')",44.0
latin,verdana,"('latn.d', 'latn.s', 'latn.w')",41.0
latin,verdana,"('latn.d', 'latn.s', 'latn.x')",49.0
latin,verdana,"('latn.d', 'latn.u', 'latn.w')",41.0
latin,verdana,"('latn.d', 'latn.u', 'latn.x')",52.0
latin,verdana,"('latn.d', 'latn.w', 'latn.x')",50.0
latin,verdana,"('latn.g', 'latn.h', 'latn.o')",30.0
latin,verdana,"('latn.g', 'latn.h', 'latn.s')",49.0
latin,verdana,"('latn.g', 'latn.h', 'latn.u')",48.0
latin,verdana,"('latn.g', 'latn.h', 'latn.w')",56.0
latin,verdana,"('latn.g', 'latn.h', 'latn.x')",56.0
latin,verdana,"('latn.g', 'latn.o', 'latn.s')",36.0
latin,verdana,"('latn.g', 'latn.o', 'latn.u')",24.0
latin,verdana,"('latn.g', 'latn.o', 'latn.w')",52.0
latin,verdana,"('latn.g', 'latn.o', 'latn.x')",53.0
latin,verdana,"('latn.g', 'latn.s', 'latn.u')",37.0
latin,verdana,"('latn.g', 'latn.s', 'latn.w')",42.0
latin,verdana,"('latn.g', 'latn.s', 'latn.x')",49.0
latin,verdana,"('latn.g', 'latn.u', 'latn.w')",46.0
latin,verdana,"('latn.g', 'latn.u', 'latn.x')",52.0
latin,verdana,"('latn.g', 'latn.w', 'latn.x')",49.0
latin,verdana,"('latn.h', 'latn.o', 'latn.s')",30.0
latin,verdana,"('latn.h', 'latn.o', 'latn.u')",44.0
latin,verdana,"('latn.h', 'latn.o', 'latn.w')",42.0
latin,verdana,"('latn.h', 'latn.o', 'latn.x')",48.0
latin,verdana,"('latn.h', 'latn.s', 'latn.u')",54.0
latin,verdana,"('latn.h', 'latn.s', 'latn.w')",40.0
latin,verdana,"('latn.h', 'latn.s', 'latn.x')",40.0
latin,verdana,"('latn.h', 'latn.u', 'latn.w')",52.0
latin,verdana,"('latn.h', 'latn.u', 'latn.x')",55.0
latin,verdana,"('latn.h', 'latn.w', 'latn.x')",45.0
latin,verdana,"('latn.o', 'latn.s', 'latn.u')",39.0
latin,verdana,"('latn.o', 'latn.s', 'latn.w')",49.0
latin,verdana,"('latn.o', 'latn.s', 'latn.x')",54.0
latin,verdana,"('latn.o', 'latn.u', 'latn.w')",48.0
latin,verdana,"('latn.o', 'latn.u', 'latn.x')",56.0
latin,verdana,"('latn.o', 'latn.w', 'latn.x')",46.0
latin,verdana,"('latn.s', 'latn.u', 'latn.w')",45.0
latin,verdana,"('latn.s', 'latn.u', 'latn.x')",52.0
latin,verdana,"('latn.s', 'latn.w', 'latn.x')",45.0
latin,verdana,"('latn.u', 'latn.w', 'latn.x')",40.0
